[     566ms] [INFO] %cDownload the React DevTools for a better development experience: https://react.dev/link/react-devtools font-weight:bold @ http://localhost:3000/_next/static/chunks/node_modules_next_dist_1e8vcs8._.js:776
[     782ms] [LOG] [HMR] connected @ http://localhost:3000/_next/static/chunks/node_modules_next_dist_1e8vcs8._.js:776
[    1218ms] [ERROR] Loading the script 'https://va.vercel-scripts.com/v1/script.debug.js' violates the following Content Security Policy directive: "script-src 'self' 'unsafe-eval' 'unsafe-inline' https://qmzsnlviwmbdecyomgbh.supabase.co". Note that 'script-src-elem' was not explicitly set, so 'script-src' is used as a fallback. The action has been blocked. @ http://localhost:3000/_next/static/chunks/node_modules_122xzik._.js:19307
[    1315ms] [ERROR] Loading the script 'https://va.vercel-scripts.com/v1/speed-insights/script.debug.js' violates the following Content Security Policy directive: "script-src 'self' 'unsafe-eval' 'unsafe-inline' https://qmzsnlviwmbdecyomgbh.supabase.co". Note that 'script-src-elem' was not explicitly set, so 'script-src' is used as a fallback. The action has been blocked. @ http://localhost:3000/_next/static/chunks/node_modules_122xzik._.js:19569
[    1436ms] [LOG] [Vercel Web Analytics] Failed to load script from https://va.vercel-scripts.com/v1/script.debug.js. Please check if any ad blockers are enabled and try again. @ http://localhost:3000/_next/static/chunks/node_modules_next_dist_1e8vcs8._.js:776
[    1437ms] [LOG] [Vercel Speed Insights] Failed to load script from https://va.vercel-scripts.com/v1/speed-insights/script.debug.js. Please check if any content blockers are enabled and try again. @ http://localhost:3000/_next/static/chunks/node_modules_next_dist_1e8vcs8._.js:776
[    5516ms] [ERROR] Failed to load resource: the server responded with a status of 406 () @ https://qmzsnlviwmbdecyomgbh.supabase.co/rest/v1/rounds?select=id%2Ccompetition_run_id%2Cround_number%2Cround_type%2Cstatus%2Cstarted_at%2Cends_at%2Cmarket_status%2Ctrading_status%2Cpaused_at%2Caccumulated_pause_duration%2Ccreated_at%2Cupdated_at&competition_run_id=eq.d1d8bcaf-d8e3-4b75-902b-e9ee981d9796&status=eq.active:0
[    6329ms] [ERROR] Failed to load resource: the server responded with a status of 406 () @ https://qmzsnlviwmbdecyomgbh.supabase.co/rest/v1/rounds?select=id%2Ccompetition_run_id%2Cround_number%2Cround_type%2Cstatus%2Cstarted_at%2Cends_at%2Cmarket_status%2Ctrading_status%2Cpaused_at%2Caccumulated_pause_duration%2Ccreated_at%2Cupdated_at&competition_run_id=eq.d1d8bcaf-d8e3-4b75-902b-e9ee981d9796&status=eq.active:0
[   59317ms] [LOG] [Fast Refresh] rebuilding @ http://localhost:3000/_next/static/chunks/node_modules_next_dist_1e8vcs8._.js:776
[   61046ms] [LOG] [Fast Refresh] done in 1637ms @ http://localhost:3000/_next/static/chunks/node_modules_next_dist_1e8vcs8._.js:776
[   61061ms] [LOG] [Fast Refresh] done in 1637ms @ http://localhost:3000/_next/static/chunks/node_modules_next_dist_1e8vcs8._.js:776
[   62868ms] [LOG] [Fast Refresh] done in 1637ms @ http://localhost:3000/_next/static/chunks/node_modules_next_dist_1e8vcs8._.js:776
[  117121ms] [LOG] [Fast Refresh] done in 1637ms @ http://localhost:3000/_next/static/chunks/node_modules_next_dist_1e8vcs8._.js:776
[  117439ms] [INFO] %cDownload the React DevTools for a better development experience: https://react.dev/link/react-devtools font-weight:bold @ http://localhost:3000/_next/static/chunks/node_modules_next_dist_1e8vcs8._.js:776
[  117501ms] [LOG] [HMR] connected @ http://localhost:3000/_next/static/chunks/node_modules_next_dist_1e8vcs8._.js:776
[  117836ms] [ERROR] Loading the script 'https://va.vercel-scripts.com/v1/script.debug.js' violates the following Content Security Policy directive: "script-src 'self' 'unsafe-eval' 'unsafe-inline' https://qmzsnlviwmbdecyomgbh.supabase.co". Note that 'script-src-elem' was not explicitly set, so 'script-src' is used as a fallback. The action has been blocked. @ http://localhost:3000/_next/static/chunks/node_modules_122xzik._.js:19307
[  117860ms] [ERROR] Loading the script 'https://va.vercel-scripts.com/v1/speed-insights/script.debug.js' violates the following Content Security Policy directive: "script-src 'self' 'unsafe-eval' 'unsafe-inline' https://qmzsnlviwmbdecyomgbh.supabase.co". Note that 'script-src-elem' was not explicitly set, so 'script-src' is used as a fallback. The action has been blocked. @ http://localhost:3000/_next/static/chunks/node_modules_122xzik._.js:19569
[  117929ms] [LOG] [Vercel Web Analytics] Failed to load script from https://va.vercel-scripts.com/v1/script.debug.js. Please check if any ad blockers are enabled and try again. @ http://localhost:3000/_next/static/chunks/node_modules_next_dist_1e8vcs8._.js:776
[  117931ms] [LOG] [Vercel Speed Insights] Failed to load script from https://va.vercel-scripts.com/v1/speed-insights/script.debug.js. Please check if any content blockers are enabled and try again. @ http://localhost:3000/_next/static/chunks/node_modules_next_dist_1e8vcs8._.js:776
[  118039ms] [ERROR] Failed to load resource: the server responded with a status of 406 () @ https://qmzsnlviwmbdecyomgbh.supabase.co/rest/v1/rounds?select=id%2Ccompetition_run_id%2Cround_number%2Cround_type%2Cstatus%2Cstarted_at%2Cends_at%2Cmarket_status%2Ctrading_status%2Cpaused_at%2Caccumulated_pause_duration%2Ccreated_at%2Cupdated_at&competition_run_id=eq.d1d8bcaf-d8e3-4b75-902b-e9ee981d9796&status=eq.active:0
[  118706ms] [ERROR] Failed to load resource: the server responded with a status of 406 () @ https://qmzsnlviwmbdecyomgbh.supabase.co/rest/v1/rounds?select=id%2Ccompetition_run_id%2Cround_number%2Cround_type%2Cstatus%2Cstarted_at%2Cends_at%2Cmarket_status%2Ctrading_status%2Cpaused_at%2Caccumulated_pause_duration%2Ccreated_at%2Cupdated_at&competition_run_id=eq.d1d8bcaf-d8e3-4b75-902b-e9ee981d9796&status=eq.active:0
[  293726ms] [ERROR] WebSocket connection to 'ws://localhost:3000/_next/hmr?id=TcHiIKQ3pGPNUub9oYNHT' failed: Error in connection establishment: net::ERR_CONNECTION_REFUSED @ http://localhost:3000/_next/static/chunks/node_modules_next_dist_client_0_90u2t._.js:16256
[  294729ms] [ERROR] WebSocket connection to 'ws://localhost:3000/_next/hmr?id=TcHiIKQ3pGPNUub9oYNHT' failed: Error in connection establishment: net::ERR_CONNECTION_REFUSED @ http://localhost:3000/_next/static/chunks/node_modules_next_dist_client_0_90u2t._.js:16256
[  295734ms] [ERROR] WebSocket connection to 'ws://localhost:3000/_next/hmr?id=TcHiIKQ3pGPNUub9oYNHT' failed: Error in connection establishment: net::ERR_CONNECTION_REFUSED @ http://localhost:3000/_next/static/chunks/node_modules_next_dist_client_0_90u2t._.js:16256
[  297257ms] [LOG] [HMR] connected @ http://localhost:3000/_next/static/chunks/node_modules_next_dist_1e8vcs8._.js:776
[  299767ms] [INFO] %cDownload the React DevTools for a better development experience: https://react.dev/link/react-devtools font-weight:bold @ http://localhost:3000/_next/static/chunks/node_modules_next_dist_1e8vcs8._.js:776
[  299818ms] [LOG] [HMR] connected @ http://localhost:3000/_next/static/chunks/node_modules_next_dist_1e8vcs8._.js:776
[  300409ms] [ERROR] Loading the script 'https://va.vercel-scripts.com/v1/script.debug.js' violates the following Content Security Policy directive: "script-src 'self' 'unsafe-eval' 'unsafe-inline' https://qmzsnlviwmbdecyomgbh.supabase.co". Note that 'script-src-elem' was not explicitly set, so 'script-src' is used as a fallback. The action has been blocked. @ http://localhost:3000/_next/static/chunks/node_modules_122xzik._.js:19307
[  300419ms] [LOG] [Vercel Web Analytics] Failed to load script from https://va.vercel-scripts.com/v1/script.debug.js. Please check if any ad blockers are enabled and try again. @ http://localhost:3000/_next/static/chunks/node_modules_next_dist_1e8vcs8._.js:776
[  300444ms] [ERROR] Loading the script 'https://va.vercel-scripts.com/v1/speed-insights/script.debug.js' violates the following Content Security Policy directive: "script-src 'self' 'unsafe-eval' 'unsafe-inline' https://qmzsnlviwmbdecyomgbh.supabase.co". Note that 'script-src-elem' was not explicitly set, so 'script-src' is used as a fallback. The action has been blocked. @ http://localhost:3000/_next/static/chunks/node_modules_122xzik._.js:19569
[  300449ms] [LOG] [Vercel Speed Insights] Failed to load script from https://va.vercel-scripts.com/v1/speed-insights/script.debug.js. Please check if any content blockers are enabled and try again. @ http://localhost:3000/_next/static/chunks/node_modules_next_dist_1e8vcs8._.js:776
[  300834ms] [ERROR] Failed to load resource: the server responded with a status of 406 () @ https://qmzsnlviwmbdecyomgbh.supabase.co/rest/v1/rounds?select=id%2Ccompetition_run_id%2Cround_number%2Cround_type%2Cstatus%2Cstarted_at%2Cends_at%2Cmarket_status%2Ctrading_status%2Cpaused_at%2Caccumulated_pause_duration%2Ccreated_at%2Cupdated_at&competition_run_id=eq.d1d8bcaf-d8e3-4b75-902b-e9ee981d9796&status=eq.active:0
[  301606ms] [ERROR] Failed to load resource: the server responded with a status of 406 () @ https://qmzsnlviwmbdecyomgbh.supabase.co/rest/v1/rounds?select=id%2Ccompetition_run_id%2Cround_number%2Cround_type%2Cstatus%2Cstarted_at%2Cends_at%2Cmarket_status%2Ctrading_status%2Cpaused_at%2Caccumulated_pause_duration%2Ccreated_at%2Cupdated_at&competition_run_id=eq.d1d8bcaf-d8e3-4b75-902b-e9ee981d9796&status=eq.active:0
[ 1164062ms] [LOG] [Fast Refresh] rebuilding @ http://localhost:3000/_next/static/chunks/node_modules_next_dist_1e8vcs8._.js:776
[ 1165040ms] [LOG] [Fast Refresh] done in 1019ms @ http://localhost:3000/_next/static/chunks/node_modules_next_dist_1e8vcs8._.js:776
[ 1165084ms] [LOG] [Fast Refresh] done in 1019ms @ http://localhost:3000/_next/static/chunks/node_modules_next_dist_1e8vcs8._.js:776
[ 1166948ms] [LOG] [Fast Refresh] rebuilding @ http://localhost:3000/_next/static/chunks/node_modules_next_dist_1e8vcs8._.js:776
[ 1168337ms] [LOG] [Fast Refresh] done in 1490ms @ http://localhost:3000/_next/static/chunks/node_modules_next_dist_1e8vcs8._.js:776
[ 1168712ms] [LOG] [Fast Refresh] rebuilding @ http://localhost:3000/_next/static/chunks/node_modules_next_dist_1e8vcs8._.js:776
[ 1169223ms] [LOG] [Fast Refresh] done in 611ms @ http://localhost:3000/_next/static/chunks/node_modules_next_dist_1e8vcs8._.js:776
[ 1169528ms] [ERROR] Failed to load resource: the server responded with a status of 500 (Internal Server Error) @ http://localhost:3000/admin?_rsc=ufW3TLmERVKPyyJ1:0
[ 1169732ms] [ERROR] Failed to load resource: the server responded with a status of 500 (Internal Server Error) @ http://localhost:3000/admin:0
[ 1170171ms] [ERROR] Refused to execute script from 'http://localhost:3000/_next/static/development/_clientMiddlewareManifest.js' because its MIME type ('application/json') is not executable, and strict MIME type checking is enabled. @ http://localhost:3000/admin:0
[ 1170380ms] [INFO] %cDownload the React DevTools for a better development experience: https://react.dev/link/react-devtools font-weight:bold @ http://localhost:3000/_next/static/chunks/node_modules_react-dom_0kla17-._.js:15093
[ 1170529ms] ReferenceError: EB_Garamond is not defined
    at Module.eval (file:///home/abhinav/dev/SANDBOX/.next/dev/server/chunks/ssr/_1af5gvr._.js?id=%5Bproject%5D/src/app/layout.tsx+%5Bapp-rsc%5D+(ecmascript):32:20)
    at <unknown> (file:///home/abhinav/dev/SANDBOX/.next/dev/server/chunks/ssr/[turbopack]_runtime.js:1330:27)
    at runWithHooks (file:///home/abhinav/dev/SANDBOX/.next/dev/server/chunks/ssr/[turbopack]_runtime.js:1592:9)
    at instantiateModuleShared (file:///home/abhinav/dev/SANDBOX/.next/dev/server/chunks/ssr/[turbopack]_runtime.js:1328:9)
    at instantiateModule (file:///home/abhinav/dev/SANDBOX/.next/dev/server/chunks/ssr/[turbopack]_runtime.js:1595:23)
    at getOrInstantiateModuleFromParent (file:///home/abhinav/dev/SANDBOX/.next/dev/server/chunks/ssr/[turbopack]_runtime.js:1631:23)
    at Context.esmImport [as i] (file:///home/abhinav/dev/SANDBOX/.next/dev/server/chunks/ssr/[turbopack]_runtime.js:352:20)
    at module evaluation (file:///home/abhinav/dev/SANDBOX/.next/dev/server/chunks/ssr/[root-of-the-server]__0rhwt07._.js:243:47)
    at <unknown> (file:///home/abhinav/dev/SANDBOX/.next/dev/server/chunks/ssr/[turbopack]_runtime.js:1330:27)
    at runWithHooks (file:///home/abhinav/dev/SANDBOX/.next/dev/server/chunks/ssr/[turbopack]_runtime.js:1592:9)
    at instantiateModuleShared (file:///home/abhinav/dev/SANDBOX/.next/dev/server/chunks/ssr/[turbopack]_runtime.js:1328:9)
    at instantiateModule (file:///home/abhinav/dev/SANDBOX/.next/dev/server/chunks/ssr/[turbopack]_runtime.js:1595:23)
    at getOrInstantiateModuleFromParent (file:///home/abhinav/dev/SANDBOX/.next/dev/server/chunks/ssr/[turbopack]_runtime.js:1631:23)
    at Context.commonJsRequire [as r] (file:///home/abhinav/dev/SANDBOX/.next/dev/server/chunks/ssr/[turbopack]_runtime.js:373:12)
    at Array.<anonymous> (file:///home/abhinav/dev/SANDBOX/.next/dev/server/chunks/ssr/node_modules_next_dist_1e0lv37._.js:1591:302)
    at createFlightRouterStateFromLoaderTreeImpl (file:///home/abhinav/dev/SANDBOX/node_modules/next/dist/compiled/next-server/app-page-turbo.runtime.dev.js:166:9816)
    at createFlightRouterStateFromLoaderTree (file:///home/abhinav/dev/SANDBOX/node_modules/next/dist/compiled/next-server/app-page-turbo.runtime.dev.js:166:12066)
    at walkTreeWithFlightRouterState (file:///home/abhinav/dev/SANDBOX/node_modules/next/dist/compiled/next-server/app-page-turbo.runtime.dev.js:168:51150)
    at generateDynamicRSCPayload (file:///home/abhinav/dev/SANDBOX/node_modules/next/dist/compiled/next-server/app-page-turbo.runtime.dev.js:172:25051)
    at AsyncLocalStorage.run (node:internal/async_local_storage/async_context_frame:63:14)
    at generateDynamicFlightRenderResult (file:///home/abhinav/dev/SANDBOX/node_modules/next/dist/compiled/next-server/app-page-turbo.runtime.dev.js:172:28118)
    at renderToHTMLOrFlightImpl (file:///home/abhinav/dev/SANDBOX/node_modules/next/dist/compiled/next-server/app-page-turbo.runtime.dev.js:173:2730)
[ 1170519ms] [LOG] [HMR] connected @ http://localhost:3000/_next/static/chunks/node_modules_next_dist_1gdrd03._.js:756
[ 1186381ms] [LOG] [Fast Refresh] rebuilding @ http://localhost:3000/_next/static/chunks/node_modules_next_dist_1gdrd03._.js:756
[ 1186844ms] [LOG] [Fast Refresh] done in 466ms @ http://localhost:3000/_next/static/chunks/node_modules_next_dist_1gdrd03._.js:756
[ 1186926ms] [ERROR] Failed to load resource: the server responded with a status of 500 (Internal Server Error) @ http://localhost:3000/admin:0
[ 1187130ms] [INFO] %cDownload the React DevTools for a better development experience: https://react.dev/link/react-devtools font-weight:bold @ http://localhost:3000/_next/static/chunks/node_modules_next_dist_1e8vcs8._.js:776
[ 1187307ms] [LOG] [HMR] connected @ http://localhost:3000/_next/static/chunks/node_modules_next_dist_1e8vcs8._.js:776
[ 1187525ms] ReferenceError: ebGaramond is not defined
    at RootLayout (about://React/Server/file:///home/abhinav/dev/SANDBOX/.next/dev/server/chunks/ssr/%255Broot-of-the-server%255D__08x8884._.js?id=%255Bproject%255D/src/app/layout.tsx+%255Bapp-rsc%255D+(ecmascript)?0:41:181)
    at resolveErrorDev (http://localhost:3000/_next/static/chunks/node_modules_next_dist_compiled_react-server-dom-turbopack_164kp-6._.js:1937:105)
    at processFullStringRow (http://localhost:3000/_next/static/chunks/node_modules_next_dist_compiled_react-server-dom-turbopack_164kp-6._.js:2456:29)
    at processFullBinaryRow (http://localhost:3000/_next/static/chunks/node_modules_next_dist_compiled_react-server-dom-turbopack_164kp-6._.js:2415:9)
    at processBinaryChunk (http://localhost:3000/_next/static/chunks/node_modules_next_dist_compiled_react-server-dom-turbopack_164kp-6._.js:2524:221)
    at progress (http://localhost:3000/_next/static/chunks/node_modules_next_dist_compiled_react-server-dom-turbopack_164kp-6._.js:2711:13)
[ 1187570ms] TypeError: Failed to execute 'measure' on 'Performance': '​RootLayout' cannot have a negative time stamp.
    at flushComponentPerformance (http://localhost:3000/_next/static/chunks/node_modules_next_dist_compiled_react-server-dom-turbopack_164kp-6._.js:2206:45)
    at flushComponentPerformance (http://localhost:3000/_next/static/chunks/node_modules_next_dist_compiled_react-server-dom-turbopack_164kp-6._.js:2178:31)
    at flushInitialRenderPerformance (http://localhost:3000/_next/static/chunks/node_modules_next_dist_compiled_react-server-dom-turbopack_164kp-6._.js:2368:74)
[ 1194560ms] [LOG] [Fast Refresh] rebuilding @ http://localhost:3000/_next/static/chunks/node_modules_next_dist_1e8vcs8._.js:776
[ 1194680ms] [LOG] [Fast Refresh] done in 32ms @ http://localhost:3000/_next/static/chunks/node_modules_next_dist_1e8vcs8._.js:776
[ 1195035ms] [INFO] %cDownload the React DevTools for a better development experience: https://react.dev/link/react-devtools font-weight:bold @ http://localhost:3000/_next/static/chunks/node_modules_next_dist_1e8vcs8._.js:776
[ 1195113ms] [LOG] [HMR] connected @ http://localhost:3000/_next/static/chunks/node_modules_next_dist_1e8vcs8._.js:776
[ 1195915ms] [ERROR] Loading the script 'https://va.vercel-scripts.com/v1/script.debug.js' violates the following Content Security Policy directive: "script-src 'self' 'unsafe-eval' 'unsafe-inline' https://qmzsnlviwmbdecyomgbh.supabase.co". Note that 'script-src-elem' was not explicitly set, so 'script-src' is used as a fallback. The action has been blocked. @ http://localhost:3000/_next/static/chunks/node_modules_122xzik._.js:19307
[ 1195920ms] [LOG] [Vercel Web Analytics] Failed to load script from https://va.vercel-scripts.com/v1/script.debug.js. Please check if any ad blockers are enabled and try again. @ http://localhost:3000/_next/static/chunks/node_modules_next_dist_1e8vcs8._.js:776
[ 1195965ms] [ERROR] Loading the script 'https://va.vercel-scripts.com/v1/speed-insights/script.debug.js' violates the following Content Security Policy directive: "script-src 'self' 'unsafe-eval' 'unsafe-inline' https://qmzsnlviwmbdecyomgbh.supabase.co". Note that 'script-src-elem' was not explicitly set, so 'script-src' is used as a fallback. The action has been blocked. @ http://localhost:3000/_next/static/chunks/node_modules_122xzik._.js:19569
[ 1195969ms] [LOG] [Vercel Speed Insights] Failed to load script from https://va.vercel-scripts.com/v1/speed-insights/script.debug.js. Please check if any content blockers are enabled and try again. @ http://localhost:3000/_next/static/chunks/node_modules_next_dist_1e8vcs8._.js:776
[ 1196394ms] [ERROR] Failed to load resource: the server responded with a status of 406 () @ https://qmzsnlviwmbdecyomgbh.supabase.co/rest/v1/rounds?select=id%2Ccompetition_run_id%2Cround_number%2Cround_type%2Cstatus%2Cstarted_at%2Cends_at%2Cmarket_status%2Ctrading_status%2Cpaused_at%2Caccumulated_pause_duration%2Ccreated_at%2Cupdated_at&competition_run_id=eq.d1d8bcaf-d8e3-4b75-902b-e9ee981d9796&status=eq.active:0
[ 1197159ms] [ERROR] Failed to load resource: the server responded with a status of 406 () @ https://qmzsnlviwmbdecyomgbh.supabase.co/rest/v1/rounds?select=id%2Ccompetition_run_id%2Cround_number%2Cround_type%2Cstatus%2Cstarted_at%2Cends_at%2Cmarket_status%2Ctrading_status%2Cpaused_at%2Caccumulated_pause_duration%2Ccreated_at%2Cupdated_at&competition_run_id=eq.d1d8bcaf-d8e3-4b75-902b-e9ee981d9796&status=eq.active:0
[ 1204072ms] [LOG] [Fast Refresh] rebuilding @ http://localhost:3000/_next/static/chunks/node_modules_next_dist_1e8vcs8._.js:776
[ 1204510ms] [LOG] [Fast Refresh] done in 495ms @ http://localhost:3000/_next/static/chunks/node_modules_next_dist_1e8vcs8._.js:776
[ 1207175ms] [LOG] [Fast Refresh] done in 495ms @ http://localhost:3000/_next/static/chunks/node_modules_next_dist_1e8vcs8._.js:776
[ 1209974ms] [LOG] [Fast Refresh] done in 495ms @ http://localhost:3000/_next/static/chunks/node_modules_next_dist_1e8vcs8._.js:776
[ 1214160ms] [LOG] [Fast Refresh] rebuilding @ http://localhost:3000/_next/static/chunks/node_modules_next_dist_1e8vcs8._.js:776
[ 1214230ms] [LOG] [Fast Refresh] done in 113ms @ http://localhost:3000/_next/static/chunks/node_modules_next_dist_1e8vcs8._.js:776
[ 1226638ms] [LOG] [Fast Refresh] rebuilding @ http://localhost:3000/_next/static/chunks/node_modules_next_dist_1e8vcs8._.js:776
[ 1229361ms] [LOG] [Fast Refresh] done in 2794ms @ http://localhost:3000/_next/static/chunks/node_modules_next_dist_1e8vcs8._.js:776
[ 1229464ms] [LOG] [Fast Refresh] done in 2794ms @ http://localhost:3000/_next/static/chunks/node_modules_next_dist_1e8vcs8._.js:776
[ 1231128ms] [LOG] [Fast Refresh] done in 2794ms @ http://localhost:3000/_next/static/chunks/node_modules_next_dist_1e8vcs8._.js:776
[ 1259796ms] [LOG] [Fast Refresh] done in 2794ms @ http://localhost:3000/_next/static/chunks/node_modules_next_dist_1e8vcs8._.js:776
[ 1259861ms] [LOG] [Fast Refresh] done in 2794ms @ http://localhost:3000/_next/static/chunks/node_modules_next_dist_1e8vcs8._.js:776
[ 1262521ms] [LOG] [Fast Refresh] done in 2794ms @ http://localhost:3000/_next/static/chunks/node_modules_next_dist_1e8vcs8._.js:776
[ 1377768ms] [LOG] [Fast Refresh] done in 2794ms @ http://localhost:3000/_next/static/chunks/node_modules_next_dist_1e8vcs8._.js:776
[ 1379739ms] [LOG] [Fast Refresh] done in 2794ms @ http://localhost:3000/_next/static/chunks/node_modules_next_dist_1e8vcs8._.js:776
[ 1395032ms] [LOG] [Fast Refresh] done in 2794ms @ http://localhost:3000/_next/static/chunks/node_modules_next_dist_1e8vcs8._.js:776
[ 1396963ms] [LOG] [Fast Refresh] rebuilding @ http://localhost:3000/_next/static/chunks/node_modules_next_dist_1e8vcs8._.js:776
[ 1396989ms] [LOG] [Fast Refresh] done in 127ms @ http://localhost:3000/_next/static/chunks/node_modules_next_dist_1e8vcs8._.js:776
[ 1431804ms] [LOG] [Fast Refresh] rebuilding @ http://localhost:3000/_next/static/chunks/node_modules_next_dist_1e8vcs8._.js:776
[ 1432145ms] [LOG] [Fast Refresh] done in 442ms @ http://localhost:3000/_next/static/chunks/node_modules_next_dist_1e8vcs8._.js:776
[ 1792529ms] [LOG] [Fast Refresh] rebuilding @ http://localhost:3000/_next/static/chunks/node_modules_next_dist_1e8vcs8._.js:776
[ 1792805ms] [LOG] [Fast Refresh] done in 310ms @ http://localhost:3000/_next/static/chunks/node_modules_next_dist_1e8vcs8._.js:776
[ 1801809ms] [LOG] [Fast Refresh] rebuilding @ http://localhost:3000/_next/static/chunks/node_modules_next_dist_1e8vcs8._.js:776
[ 1802321ms] [LOG] [Fast Refresh] done in 489ms @ http://localhost:3000/_next/static/chunks/node_modules_next_dist_1e8vcs8._.js:776
[ 1802420ms] [LOG] [Fast Refresh] done in 489ms @ http://localhost:3000/_next/static/chunks/node_modules_next_dist_1e8vcs8._.js:776
[ 1803857ms] [LOG] [Fast Refresh] done in 489ms @ http://localhost:3000/_next/static/chunks/node_modules_next_dist_1e8vcs8._.js:776
[ 1805253ms] [LOG] [Fast Refresh] done in 489ms @ http://localhost:3000/_next/static/chunks/node_modules_next_dist_1e8vcs8._.js:776
[ 1806938ms] [LOG] [Fast Refresh] done in 489ms @ http://localhost:3000/_next/static/chunks/node_modules_next_dist_1e8vcs8._.js:776
[ 1808834ms] [LOG] [Fast Refresh] done in 489ms @ http://localhost:3000/_next/static/chunks/node_modules_next_dist_1e8vcs8._.js:776
[ 1811375ms] [LOG] [Fast Refresh] done in 489ms @ http://localhost:3000/_next/static/chunks/node_modules_next_dist_1e8vcs8._.js:776
[ 1813376ms] [LOG] [Fast Refresh] rebuilding @ http://localhost:3000/_next/static/chunks/node_modules_next_dist_1e8vcs8._.js:776
[ 1813580ms] [LOG] [Fast Refresh] done in 282ms @ http://localhost:3000/_next/static/chunks/node_modules_next_dist_1e8vcs8._.js:776
[ 1813846ms] [LOG] [Fast Refresh] done in 282ms @ http://localhost:3000/_next/static/chunks/node_modules_next_dist_1e8vcs8._.js:776
[ 1816559ms] [LOG] [Fast Refresh] done in 282ms @ http://localhost:3000/_next/static/chunks/node_modules_next_dist_1e8vcs8._.js:776
[ 1818140ms] [LOG] [Fast Refresh] done in 282ms @ http://localhost:3000/_next/static/chunks/node_modules_next_dist_1e8vcs8._.js:776
[ 1822868ms] [LOG] [Fast Refresh] done in 282ms @ http://localhost:3000/_next/static/chunks/node_modules_next_dist_1e8vcs8._.js:776
[ 1824051ms] [LOG] [Fast Refresh] rebuilding @ http://localhost:3000/_next/static/chunks/node_modules_next_dist_1e8vcs8._.js:776
[ 1825220ms] [LOG] [Fast Refresh] done in 1257ms @ http://localhost:3000/_next/static/chunks/node_modules_next_dist_1e8vcs8._.js:776
[ 1825452ms] [LOG] [Fast Refresh] done in 1257ms @ http://localhost:3000/_next/static/chunks/node_modules_next_dist_1e8vcs8._.js:776
[ 1825672ms] [LOG] [Fast Refresh] done in 1257ms @ http://localhost:3000/_next/static/chunks/node_modules_next_dist_1e8vcs8._.js:776
[ 1834804ms] [LOG] [Fast Refresh] rebuilding @ http://localhost:3000/_next/static/chunks/node_modules_next_dist_1e8vcs8._.js:776
[ 1835412ms] [LOG] [Fast Refresh] done in 688ms @ http://localhost:3000/_next/static/chunks/node_modules_next_dist_1e8vcs8._.js:776
[ 1835543ms] [LOG] [Fast Refresh] done in 688ms @ http://localhost:3000/_next/static/chunks/node_modules_next_dist_1e8vcs8._.js:776
[ 1837410ms] [LOG] [Fast Refresh] done in 688ms @ http://localhost:3000/_next/static/chunks/node_modules_next_dist_1e8vcs8._.js:776
[ 1845463ms] [LOG] [Fast Refresh] rebuilding @ http://localhost:3000/_next/static/chunks/node_modules_next_dist_1e8vcs8._.js:776
[ 1845771ms] [LOG] [Fast Refresh] done in 365ms @ http://localhost:3000/_next/static/chunks/node_modules_next_dist_1e8vcs8._.js:776
[ 1845823ms] [LOG] [Fast Refresh] done in 365ms @ http://localhost:3000/_next/static/chunks/node_modules_next_dist_1e8vcs8._.js:776
[ 1847951ms] [LOG] [Fast Refresh] done in 365ms @ http://localhost:3000/_next/static/chunks/node_modules_next_dist_1e8vcs8._.js:776
[ 1870966ms] [LOG] [Fast Refresh] rebuilding @ http://localhost:3000/_next/static/chunks/node_modules_next_dist_1e8vcs8._.js:776
[ 1871017ms] [LOG] [Fast Refresh] done in 120ms @ http://localhost:3000/_next/static/chunks/node_modules_next_dist_1e8vcs8._.js:776
[ 1871160ms] [LOG] [Fast Refresh] done in 120ms @ http://localhost:3000/_next/static/chunks/node_modules_next_dist_1e8vcs8._.js:776
[ 1871256ms] [LOG] [Fast Refresh] done in 120ms @ http://localhost:3000/_next/static/chunks/node_modules_next_dist_1e8vcs8._.js:776
[ 1873107ms] [LOG] [Fast Refresh] done in 120ms @ http://localhost:3000/_next/static/chunks/node_modules_next_dist_1e8vcs8._.js:776
[ 1881031ms] [LOG] [Fast Refresh] rebuilding @ http://localhost:3000/_next/static/chunks/node_modules_next_dist_1e8vcs8._.js:776
[ 1881337ms] [LOG] [Fast Refresh] done in 297ms @ http://localhost:3000/_next/static/chunks/node_modules_next_dist_1e8vcs8._.js:776
[ 1883321ms] [LOG] [Fast Refresh] done in 297ms @ http://localhost:3000/_next/static/chunks/node_modules_next_dist_1e8vcs8._.js:776
[ 1892709ms] [LOG] [Fast Refresh] rebuilding @ http://localhost:3000/_next/static/chunks/node_modules_next_dist_1e8vcs8._.js:776
[ 1892915ms] [LOG] [Fast Refresh] done in 198ms @ http://localhost:3000/_next/static/chunks/node_modules_next_dist_1e8vcs8._.js:776
[ 1892962ms] [LOG] [Fast Refresh] done in 198ms @ http://localhost:3000/_next/static/chunks/node_modules_next_dist_1e8vcs8._.js:776
[ 1894823ms] [LOG] [Fast Refresh] done in 198ms @ http://localhost:3000/_next/static/chunks/node_modules_next_dist_1e8vcs8._.js:776
[ 1903458ms] [LOG] [Fast Refresh] rebuilding @ http://localhost:3000/_next/static/chunks/node_modules_next_dist_1e8vcs8._.js:776
[ 1903721ms] [LOG] [Fast Refresh] done in 295ms @ http://localhost:3000/_next/static/chunks/node_modules_next_dist_1e8vcs8._.js:776
[ 1905775ms] [LOG] [Fast Refresh] done in 295ms @ http://localhost:3000/_next/static/chunks/node_modules_next_dist_1e8vcs8._.js:776
[ 1928996ms] [LOG] [Fast Refresh] rebuilding @ http://localhost:3000/_next/static/chunks/node_modules_next_dist_1e8vcs8._.js:776
[ 1933476ms] [LOG] [Fast Refresh] done in 4552ms @ http://localhost:3000/_next/static/chunks/node_modules_next_dist_1e8vcs8._.js:776
[ 1933681ms] [LOG] [Fast Refresh] done in 4552ms @ http://localhost:3000/_next/static/chunks/node_modules_next_dist_1e8vcs8._.js:776
[ 1935560ms] [LOG] [Fast Refresh] done in 4552ms @ http://localhost:3000/_next/static/chunks/node_modules_next_dist_1e8vcs8._.js:776
[ 1937793ms] [LOG] [Fast Refresh] rebuilding @ http://localhost:3000/_next/static/chunks/node_modules_next_dist_1e8vcs8._.js:776
[ 1938515ms] [LOG] [Fast Refresh] done in 526ms @ http://localhost:3000/_next/static/chunks/node_modules_next_dist_1e8vcs8._.js:776
[ 1940693ms] [LOG] [Fast Refresh] done in 526ms @ http://localhost:3000/_next/static/chunks/node_modules_next_dist_1e8vcs8._.js:776
[ 1942978ms] [LOG] [Fast Refresh] done in 526ms @ http://localhost:3000/_next/static/chunks/node_modules_next_dist_1e8vcs8._.js:776
[ 1951994ms] [LOG] [Fast Refresh] done in 526ms @ http://localhost:3000/_next/static/chunks/node_modules_next_dist_1e8vcs8._.js:776
[ 1956510ms] [LOG] [Fast Refresh] rebuilding @ http://localhost:3000/_next/static/chunks/node_modules_next_dist_1e8vcs8._.js:776
[ 1959001ms] [LOG] [Fast Refresh] done in 2372ms @ http://localhost:3000/_next/static/chunks/node_modules_next_dist_1e8vcs8._.js:776
[ 1959144ms] [LOG] [Fast Refresh] done in 2372ms @ http://localhost:3000/_next/static/chunks/node_modules_next_dist_1e8vcs8._.js:776
[ 1987459ms] [LOG] [Fast Refresh] done in 2372ms @ http://localhost:3000/_next/static/chunks/node_modules_next_dist_1e8vcs8._.js:776
[ 1991621ms] [LOG] [Fast Refresh] done in 2372ms @ http://localhost:3000/_next/static/chunks/node_modules_next_dist_1e8vcs8._.js:776
[ 2007716ms] [LOG] [Fast Refresh] done in 2372ms @ http://localhost:3000/_next/static/chunks/node_modules_next_dist_1e8vcs8._.js:776
[ 2008447ms] [LOG] [Fast Refresh] done in 2372ms @ http://localhost:3000/_next/static/chunks/node_modules_next_dist_1e8vcs8._.js:776
[ 2008591ms] [LOG] [Fast Refresh] done in 2372ms @ http://localhost:3000/_next/static/chunks/node_modules_next_dist_1e8vcs8._.js:776
[ 2013382ms] [LOG] [Fast Refresh] done in 2372ms @ http://localhost:3000/_next/static/chunks/node_modules_next_dist_1e8vcs8._.js:776
[ 2020264ms] [LOG] [Fast Refresh] done in 2372ms @ http://localhost:3000/_next/static/chunks/node_modules_next_dist_1e8vcs8._.js:776
[ 2026382ms] [LOG] [Fast Refresh] rebuilding @ http://localhost:3000/_next/static/chunks/node_modules_next_dist_1e8vcs8._.js:776
[ 2026747ms] [LOG] [Fast Refresh] done in 451ms @ http://localhost:3000/_next/static/chunks/node_modules_next_dist_1e8vcs8._.js:776
[ 2026847ms] [LOG] [Fast Refresh] done in 451ms @ http://localhost:3000/_next/static/chunks/node_modules_next_dist_1e8vcs8._.js:776
[ 2028850ms] [LOG] [Fast Refresh] done in 451ms @ http://localhost:3000/_next/static/chunks/node_modules_next_dist_1e8vcs8._.js:776
[ 2038597ms] [LOG] [Fast Refresh] done in 451ms @ http://localhost:3000/_next/static/chunks/node_modules_next_dist_1e8vcs8._.js:776
[ 2039250ms] [LOG] [Fast Refresh] done in 451ms @ http://localhost:3000/_next/static/chunks/node_modules_next_dist_1e8vcs8._.js:776
[ 2040294ms] [LOG] [Fast Refresh] done in 451ms @ http://localhost:3000/_next/static/chunks/node_modules_next_dist_1e8vcs8._.js:776
[ 2044315ms] [LOG] [Fast Refresh] done in 451ms @ http://localhost:3000/_next/static/chunks/node_modules_next_dist_1e8vcs8._.js:776
[ 2053426ms] [LOG] [Fast Refresh] done in 451ms @ http://localhost:3000/_next/static/chunks/node_modules_next_dist_1e8vcs8._.js:776
[ 2064215ms] [LOG] [Fast Refresh] done in 451ms @ http://localhost:3000/_next/static/chunks/node_modules_next_dist_1e8vcs8._.js:776
[ 2068632ms] [LOG] [Fast Refresh] done in 451ms @ http://localhost:3000/_next/static/chunks/node_modules_next_dist_1e8vcs8._.js:776
[ 2173796ms] [LOG] [Fast Refresh] rebuilding @ http://localhost:3000/_next/static/chunks/node_modules_next_dist_1e8vcs8._.js:776
[ 2174150ms] [LOG] [Fast Refresh] done in 358ms @ http://localhost:3000/_next/static/chunks/node_modules_next_dist_1e8vcs8._.js:776
[ 2174274ms] [LOG] [Fast Refresh] done in 358ms @ http://localhost:3000/_next/static/chunks/node_modules_next_dist_1e8vcs8._.js:776
[ 2174486ms] [LOG] [Fast Refresh] done in 358ms @ http://localhost:3000/_next/static/chunks/node_modules_next_dist_1e8vcs8._.js:776
[ 2176191ms] [LOG] [Fast Refresh] done in 358ms @ http://localhost:3000/_next/static/chunks/node_modules_next_dist_1e8vcs8._.js:776
[ 2182354ms] [LOG] [Fast Refresh] rebuilding @ http://localhost:3000/_next/static/chunks/node_modules_next_dist_1e8vcs8._.js:776
[ 2182486ms] [LOG] [Fast Refresh] done in 45ms @ http://localhost:3000/_next/static/chunks/node_modules_next_dist_1e8vcs8._.js:776
[ 2182634ms] [LOG] [Fast Refresh] done in 45ms @ http://localhost:3000/_next/static/chunks/node_modules_next_dist_1e8vcs8._.js:776
[ 2184528ms] [LOG] [Fast Refresh] done in 45ms @ http://localhost:3000/_next/static/chunks/node_modules_next_dist_1e8vcs8._.js:776
[ 2186749ms] [LOG] [Fast Refresh] done in 45ms @ http://localhost:3000/_next/static/chunks/node_modules_next_dist_1e8vcs8._.js:776
[ 2186909ms] [LOG] [Fast Refresh] done in 45ms @ http://localhost:3000/_next/static/chunks/node_modules_next_dist_1e8vcs8._.js:776
[ 2187225ms] [LOG] [Fast Refresh] done in 45ms @ http://localhost:3000/_next/static/chunks/node_modules_next_dist_1e8vcs8._.js:776
[ 2328637ms] [LOG] [Fast Refresh] rebuilding @ http://localhost:3000/_next/static/chunks/node_modules_next_dist_1e8vcs8._.js:776
[ 2328918ms] [LOG] [Fast Refresh] done in 343ms @ http://localhost:3000/_next/static/chunks/node_modules_next_dist_1e8vcs8._.js:776
[ 2329021ms] [LOG] [Fast Refresh] done in 343ms @ http://localhost:3000/_next/static/chunks/node_modules_next_dist_1e8vcs8._.js:776
[ 2329337ms] [LOG] [Fast Refresh] done in 343ms @ http://localhost:3000/_next/static/chunks/node_modules_next_dist_1e8vcs8._.js:776
[ 2330734ms] [LOG] [Fast Refresh] done in 343ms @ http://localhost:3000/_next/static/chunks/node_modules_next_dist_1e8vcs8._.js:776
[ 2342419ms] [LOG] [Fast Refresh] rebuilding @ http://localhost:3000/_next/static/chunks/node_modules_next_dist_1e8vcs8._.js:776
[ 2342789ms] [LOG] [Fast Refresh] done in 211ms @ http://localhost:3000/_next/static/chunks/node_modules_next_dist_1e8vcs8._.js:776
[ 2346117ms] [LOG] [Fast Refresh] done in 211ms @ http://localhost:3000/_next/static/chunks/node_modules_next_dist_1e8vcs8._.js:776
[ 2347245ms] [LOG] [Fast Refresh] done in 211ms @ http://localhost:3000/_next/static/chunks/node_modules_next_dist_1e8vcs8._.js:776
[ 2355953ms] [LOG] [Fast Refresh] rebuilding @ http://localhost:3000/_next/static/chunks/node_modules_next_dist_1e8vcs8._.js:776
[ 2356044ms] [LOG] [Fast Refresh] done in 169ms @ http://localhost:3000/_next/static/chunks/node_modules_next_dist_1e8vcs8._.js:776
[ 2356456ms] [LOG] [Fast Refresh] done in 169ms @ http://localhost:3000/_next/static/chunks/node_modules_next_dist_1e8vcs8._.js:776
[ 2356766ms] [LOG] [Fast Refresh] rebuilding @ http://localhost:3000/_next/static/chunks/node_modules_next_dist_1e8vcs8._.js:776
[ 2357035ms] [LOG] [Fast Refresh] done in 240ms @ http://localhost:3000/_next/static/chunks/node_modules_next_dist_1e8vcs8._.js:776
[ 2358167ms] [LOG] [Fast Refresh] done in 240ms @ http://localhost:3000/_next/static/chunks/node_modules_next_dist_1e8vcs8._.js:776
[ 2358236ms] [LOG] [Fast Refresh] done in 240ms @ http://localhost:3000/_next/static/chunks/node_modules_next_dist_1e8vcs8._.js:776
[ 2371036ms] [LOG] [Fast Refresh] done in 240ms @ http://localhost:3000/_next/static/chunks/node_modules_next_dist_1e8vcs8._.js:776
[ 2375782ms] [LOG] [Fast Refresh] done in 240ms @ http://localhost:3000/_next/static/chunks/node_modules_next_dist_1e8vcs8._.js:776
[ 2416069ms] [LOG] [Fast Refresh] rebuilding @ http://localhost:3000/_next/static/chunks/node_modules_next_dist_1e8vcs8._.js:776
[ 2416307ms] [LOG] [Fast Refresh] done in 339ms @ http://localhost:3000/_next/static/chunks/node_modules_next_dist_1e8vcs8._.js:776
[ 2416564ms] [LOG] [Fast Refresh] rebuilding @ http://localhost:3000/_next/static/chunks/node_modules_next_dist_1e8vcs8._.js:776
[ 2416590ms] [LOG] [Fast Refresh] done in 127ms @ http://localhost:3000/_next/static/chunks/node_modules_next_dist_1e8vcs8._.js:776
[ 2769963ms] [ERROR] Failed to load resource: the server responded with a status of 403 () @ https://qmzsnlviwmbdecyomgbh.supabase.co/auth/v1/user:0
[ 2954432ms] [LOG] [Fast Refresh] rebuilding @ http://localhost:3000/_next/static/chunks/node_modules_next_dist_1e8vcs8._.js:776
[ 2954532ms] [LOG] [Fast Refresh] done in 111ms @ http://localhost:3000/_next/static/chunks/node_modules_next_dist_1e8vcs8._.js:776
[ 2956524ms] [LOG] [Fast Refresh] done in 111ms @ http://localhost:3000/_next/static/chunks/node_modules_next_dist_1e8vcs8._.js:776
[ 2972342ms] [LOG] [Fast Refresh] rebuilding @ http://localhost:3000/_next/static/chunks/node_modules_next_dist_1e8vcs8._.js:776
[ 2972745ms] [LOG] [Fast Refresh] done in 407ms @ http://localhost:3000/_next/static/chunks/node_modules_next_dist_1e8vcs8._.js:776
[ 2974730ms] [LOG] [Fast Refresh] done in 407ms @ http://localhost:3000/_next/static/chunks/node_modules_next_dist_1e8vcs8._.js:776
[ 2980423ms] [LOG] [Fast Refresh] done in 407ms @ http://localhost:3000/_next/static/chunks/node_modules_next_dist_1e8vcs8._.js:776
[ 2980546ms] [LOG] [Fast Refresh] done in 407ms @ http://localhost:3000/_next/static/chunks/node_modules_next_dist_1e8vcs8._.js:776
[ 2980737ms] [LOG] [Fast Refresh] done in 407ms @ http://localhost:3000/_next/static/chunks/node_modules_next_dist_1e8vcs8._.js:776
[ 3101747ms] [LOG] [Fast Refresh] rebuilding @ http://localhost:3000/_next/static/chunks/node_modules_next_dist_1e8vcs8._.js:776
[ 3101838ms] [LOG] [Fast Refresh] done in 79ms @ http://localhost:3000/_next/static/chunks/node_modules_next_dist_1e8vcs8._.js:776
[ 3103841ms] [LOG] [Fast Refresh] done in 79ms @ http://localhost:3000/_next/static/chunks/node_modules_next_dist_1e8vcs8._.js:776
[ 3114384ms] [LOG] [Fast Refresh] done in 79ms @ http://localhost:3000/_next/static/chunks/node_modules_next_dist_1e8vcs8._.js:776
[ 3114477ms] [LOG] [Fast Refresh] done in 79ms @ http://localhost:3000/_next/static/chunks/node_modules_next_dist_1e8vcs8._.js:776
[ 3114619ms] [LOG] [Fast Refresh] done in 79ms @ http://localhost:3000/_next/static/chunks/node_modules_next_dist_1e8vcs8._.js:776
[ 3114862ms] [LOG] [Fast Refresh] done in 79ms @ http://localhost:3000/_next/static/chunks/node_modules_next_dist_1e8vcs8._.js:776
[ 3114916ms] [LOG] [Fast Refresh] done in 79ms @ http://localhost:3000/_next/static/chunks/node_modules_next_dist_1e8vcs8._.js:776
[ 3114962ms] [LOG] [Fast Refresh] done in 79ms @ http://localhost:3000/_next/static/chunks/node_modules_next_dist_1e8vcs8._.js:776
[ 3159798ms] [LOG] [Fast Refresh] done in 79ms @ http://localhost:3000/_next/static/chunks/node_modules_next_dist_1e8vcs8._.js:776
[ 3162276ms] [LOG] [Fast Refresh] done in 79ms @ http://localhost:3000/_next/static/chunks/node_modules_next_dist_1e8vcs8._.js:776
[ 3162334ms] [LOG] [Fast Refresh] done in 79ms @ http://localhost:3000/_next/static/chunks/node_modules_next_dist_1e8vcs8._.js:776
[ 3162543ms] [LOG] [Fast Refresh] done in 79ms @ http://localhost:3000/_next/static/chunks/node_modules_next_dist_1e8vcs8._.js:776
[ 3162616ms] [LOG] [Fast Refresh] done in 79ms @ http://localhost:3000/_next/static/chunks/node_modules_next_dist_1e8vcs8._.js:776
[ 3226250ms] [LOG] [Fast Refresh] done in 79ms @ http://localhost:3000/_next/static/chunks/node_modules_next_dist_1e8vcs8._.js:776
[ 3227971ms] [LOG] [Fast Refresh] done in 79ms @ http://localhost:3000/_next/static/chunks/node_modules_next_dist_1e8vcs8._.js:776
[ 3229296ms] [LOG] [Fast Refresh] done in 79ms @ http://localhost:3000/_next/static/chunks/node_modules_next_dist_1e8vcs8._.js:776
[ 3234061ms] [LOG] [Fast Refresh] done in 79ms @ http://localhost:3000/_next/static/chunks/node_modules_next_dist_1e8vcs8._.js:776
[ 3304038ms] [LOG] [Fast Refresh] done in 79ms @ http://localhost:3000/_next/static/chunks/node_modules_next_dist_1e8vcs8._.js:776
[ 3331733ms] [LOG] [Fast Refresh] rebuilding @ http://localhost:3000/_next/static/chunks/node_modules_next_dist_1e8vcs8._.js:776
[ 3331849ms] [LOG] [Fast Refresh] done in 41ms @ http://localhost:3000/_next/static/chunks/node_modules_next_dist_1e8vcs8._.js:776
[ 3332006ms] [LOG] [Fast Refresh] done in 41ms @ http://localhost:3000/_next/static/chunks/node_modules_next_dist_1e8vcs8._.js:776
[ 3333814ms] [LOG] [Fast Refresh] done in 41ms @ http://localhost:3000/_next/static/chunks/node_modules_next_dist_1e8vcs8._.js:776
[ 3347333ms] [LOG] [Fast Refresh] done in 41ms @ http://localhost:3000/_next/static/chunks/node_modules_next_dist_1e8vcs8._.js:776
[ 3357246ms] [LOG] [Fast Refresh] done in 41ms @ http://localhost:3000/_next/static/chunks/node_modules_next_dist_1e8vcs8._.js:776
[ 3370565ms] [LOG] [Fast Refresh] done in 41ms @ http://localhost:3000/_next/static/chunks/node_modules_next_dist_1e8vcs8._.js:776
[ 3377670ms] [LOG] [Fast Refresh] done in 41ms @ http://localhost:3000/_next/static/chunks/node_modules_next_dist_1e8vcs8._.js:776
[ 3380311ms] [LOG] [Fast Refresh] done in 41ms @ http://localhost:3000/_next/static/chunks/node_modules_next_dist_1e8vcs8._.js:776
[ 3383280ms] [LOG] [Fast Refresh] rebuilding @ http://localhost:3000/_next/static/chunks/node_modules_next_dist_1e8vcs8._.js:776
[ 3383396ms] [LOG] [Fast Refresh] done in 44ms @ http://localhost:3000/_next/static/chunks/node_modules_next_dist_1e8vcs8._.js:776
[ 3383913ms] [LOG] [Fast Refresh] done in 44ms @ http://localhost:3000/_next/static/chunks/node_modules_next_dist_1e8vcs8._.js:776
[ 3384320ms] [LOG] [Fast Refresh] done in 44ms @ http://localhost:3000/_next/static/chunks/node_modules_next_dist_1e8vcs8._.js:776
[ 3394176ms] [LOG] [Fast Refresh] rebuilding @ http://localhost:3000/_next/static/chunks/node_modules_next_dist_1e8vcs8._.js:776
[ 3394437ms] [LOG] [Fast Refresh] done in 159ms @ http://localhost:3000/_next/static/chunks/node_modules_next_dist_1e8vcs8._.js:776
[ 3396384ms] [LOG] [Fast Refresh] done in 159ms @ http://localhost:3000/_next/static/chunks/node_modules_next_dist_1e8vcs8._.js:776
[ 3405015ms] [LOG] [Fast Refresh] done in 159ms @ http://localhost:3000/_next/static/chunks/node_modules_next_dist_1e8vcs8._.js:776
[ 3405124ms] [LOG] [Fast Refresh] done in 159ms @ http://localhost:3000/_next/static/chunks/node_modules_next_dist_1e8vcs8._.js:776
[ 3405462ms] [LOG] [Fast Refresh] done in 159ms @ http://localhost:3000/_next/static/chunks/node_modules_next_dist_1e8vcs8._.js:776
[ 4360871ms] [LOG] [Fast Refresh] rebuilding @ http://localhost:3000/_next/static/chunks/node_modules_next_dist_1e8vcs8._.js:776
[ 4361003ms] [LOG] [Fast Refresh] done in 198ms @ http://localhost:3000/_next/static/chunks/node_modules_next_dist_1e8vcs8._.js:776
[ 4398542ms] [LOG] [Fast Refresh] done in 198ms @ http://localhost:3000/_next/static/chunks/node_modules_next_dist_1e8vcs8._.js:776
[ 4400578ms] [LOG] [Fast Refresh] rebuilding @ http://localhost:3000/_next/static/chunks/node_modules_next_dist_1e8vcs8._.js:776
[ 4404531ms] [LOG] [Fast Refresh] done in 4044ms @ http://localhost:3000/_next/static/chunks/node_modules_next_dist_1e8vcs8._.js:776
[ 4404664ms] [LOG] [Fast Refresh] done in 4044ms @ http://localhost:3000/_next/static/chunks/node_modules_next_dist_1e8vcs8._.js:776
[ 4413688ms] [LOG] [Fast Refresh] rebuilding @ http://localhost:3000/_next/static/chunks/node_modules_next_dist_1e8vcs8._.js:776
[ 4413707ms] [LOG] [Fast Refresh] done in 118ms @ http://localhost:3000/_next/static/chunks/node_modules_next_dist_1e8vcs8._.js:776
[ 4768321ms] [LOG] [Fast Refresh] rebuilding @ http://localhost:3000/_next/static/chunks/node_modules_next_dist_1e8vcs8._.js:776
[ 4768912ms] [LOG] [Fast Refresh] done in 520ms @ http://localhost:3000/_next/static/chunks/node_modules_next_dist_1e8vcs8._.js:776
[ 4771395ms] [LOG] [Fast Refresh] done in 520ms @ http://localhost:3000/_next/static/chunks/node_modules_next_dist_1e8vcs8._.js:776
[ 4784465ms] [LOG] [Fast Refresh] done in 520ms @ http://localhost:3000/_next/static/chunks/node_modules_next_dist_1e8vcs8._.js:776
[ 4786444ms] [LOG] [Fast Refresh] done in 520ms @ http://localhost:3000/_next/static/chunks/node_modules_next_dist_1e8vcs8._.js:776
[ 4787747ms] [LOG] [Fast Refresh] done in 520ms @ http://localhost:3000/_next/static/chunks/node_modules_next_dist_1e8vcs8._.js:776
[ 4792278ms] [LOG] [Fast Refresh] done in 520ms @ http://localhost:3000/_next/static/chunks/node_modules_next_dist_1e8vcs8._.js:776
[ 4854186ms] [LOG] [Fast Refresh] done in 520ms @ http://localhost:3000/_next/static/chunks/node_modules_next_dist_1e8vcs8._.js:776
[ 4863209ms] [LOG] [Fast Refresh] done in 520ms @ http://localhost:3000/_next/static/chunks/node_modules_next_dist_1e8vcs8._.js:776
[ 4864906ms] [LOG] [Fast Refresh] done in 520ms @ http://localhost:3000/_next/static/chunks/node_modules_next_dist_1e8vcs8._.js:776
[ 4868043ms] [LOG] [Fast Refresh] done in 520ms @ http://localhost:3000/_next/static/chunks/node_modules_next_dist_1e8vcs8._.js:776
[ 4869496ms] [LOG] [Fast Refresh] rebuilding @ http://localhost:3000/_next/static/chunks/node_modules_next_dist_1e8vcs8._.js:776
[ 4869679ms] [LOG] [Fast Refresh] done in 136ms @ http://localhost:3000/_next/static/chunks/node_modules_next_dist_1e8vcs8._.js:776
[ 4869988ms] [LOG] [Fast Refresh] done in 136ms @ http://localhost:3000/_next/static/chunks/node_modules_next_dist_1e8vcs8._.js:776
[ 4871932ms] [LOG] [Fast Refresh] done in 136ms @ http://localhost:3000/_next/static/chunks/node_modules_next_dist_1e8vcs8._.js:776
[ 4873721ms] [LOG] [Fast Refresh] done in 136ms @ http://localhost:3000/_next/static/chunks/node_modules_next_dist_1e8vcs8._.js:776
[ 4876151ms] [LOG] [Fast Refresh] done in 136ms @ http://localhost:3000/_next/static/chunks/node_modules_next_dist_1e8vcs8._.js:776
[ 4876710ms] [LOG] [Fast Refresh] done in 136ms @ http://localhost:3000/_next/static/chunks/node_modules_next_dist_1e8vcs8._.js:776
[ 4877130ms] [LOG] [Fast Refresh] done in 136ms @ http://localhost:3000/_next/static/chunks/node_modules_next_dist_1e8vcs8._.js:776
[ 4879761ms] [LOG] [Fast Refresh] done in 136ms @ http://localhost:3000/_next/static/chunks/node_modules_next_dist_1e8vcs8._.js:776
[ 4883121ms] [LOG] [Fast Refresh] done in 136ms @ http://localhost:3000/_next/static/chunks/node_modules_next_dist_1e8vcs8._.js:776
[ 4884000ms] [LOG] [Fast Refresh] rebuilding @ http://localhost:3000/_next/static/chunks/node_modules_next_dist_1e8vcs8._.js:776
[ 4884196ms] [LOG] [Fast Refresh] done in 13ms @ http://localhost:3000/_next/static/chunks/node_modules_next_dist_1e8vcs8._.js:776
[ 4897251ms] [LOG] [Fast Refresh] done in 13ms @ http://localhost:3000/_next/static/chunks/node_modules_next_dist_1e8vcs8._.js:776
[ 4899652ms] [LOG] [Fast Refresh] done in 13ms @ http://localhost:3000/_next/static/chunks/node_modules_next_dist_1e8vcs8._.js:776
[ 4900819ms] [LOG] [Fast Refresh] rebuilding @ http://localhost:3000/_next/static/chunks/node_modules_next_dist_1e8vcs8._.js:776
[ 4900970ms] [LOG] [Fast Refresh] done in 179ms @ http://localhost:3000/_next/static/chunks/node_modules_next_dist_1e8vcs8._.js:776
[ 4901047ms] [LOG] [Fast Refresh] done in 179ms @ http://localhost:3000/_next/static/chunks/node_modules_next_dist_1e8vcs8._.js:776
[ 4910353ms] [LOG] [Fast Refresh] rebuilding @ http://localhost:3000/_next/static/chunks/node_modules_next_dist_1e8vcs8._.js:776
[ 4910662ms] [LOG] [Fast Refresh] done in 301ms @ http://localhost:3000/_next/static/chunks/node_modules_next_dist_1e8vcs8._.js:776
[ 4912382ms] [LOG] [Fast Refresh] done in 301ms @ http://localhost:3000/_next/static/chunks/node_modules_next_dist_1e8vcs8._.js:776
[ 4914944ms] [LOG] [Fast Refresh] done in 301ms @ http://localhost:3000/_next/static/chunks/node_modules_next_dist_1e8vcs8._.js:776
[ 4918061ms] [LOG] [Fast Refresh] done in 301ms @ http://localhost:3000/_next/static/chunks/node_modules_next_dist_1e8vcs8._.js:776
[ 4937912ms] [LOG] [Fast Refresh] rebuilding @ http://localhost:3000/_next/static/chunks/node_modules_next_dist_1e8vcs8._.js:776
[ 4938263ms] [LOG] [Fast Refresh] done in 367ms @ http://localhost:3000/_next/static/chunks/node_modules_next_dist_1e8vcs8._.js:776
[ 4940272ms] [LOG] [Fast Refresh] done in 367ms @ http://localhost:3000/_next/static/chunks/node_modules_next_dist_1e8vcs8._.js:776
[ 4956967ms] [LOG] [Fast Refresh] done in 367ms @ http://localhost:3000/_next/static/chunks/node_modules_next_dist_1e8vcs8._.js:776
[ 4960685ms] [LOG] [Fast Refresh] done in 367ms @ http://localhost:3000/_next/static/chunks/node_modules_next_dist_1e8vcs8._.js:776
[ 4966177ms] [LOG] [Fast Refresh] rebuilding @ http://localhost:3000/_next/static/chunks/node_modules_next_dist_1e8vcs8._.js:776
[ 4966819ms] [LOG] [Fast Refresh] done in 591ms @ http://localhost:3000/_next/static/chunks/node_modules_next_dist_1e8vcs8._.js:776
[ 4969487ms] [LOG] [Fast Refresh] done in 591ms @ http://localhost:3000/_next/static/chunks/node_modules_next_dist_1e8vcs8._.js:776
[ 4973887ms] [LOG] [Fast Refresh] done in 591ms @ http://localhost:3000/_next/static/chunks/node_modules_next_dist_1e8vcs8._.js:776
[ 4975544ms] [LOG] [Fast Refresh] done in 591ms @ http://localhost:3000/_next/static/chunks/node_modules_next_dist_1e8vcs8._.js:776
[ 4976512ms] [LOG] [Fast Refresh] done in 591ms @ http://localhost:3000/_next/static/chunks/node_modules_next_dist_1e8vcs8._.js:776
[ 4979255ms] [LOG] [Fast Refresh] done in 591ms @ http://localhost:3000/_next/static/chunks/node_modules_next_dist_1e8vcs8._.js:776
[ 5047167ms] [LOG] [Fast Refresh] done in 591ms @ http://localhost:3000/_next/static/chunks/node_modules_next_dist_1e8vcs8._.js:776
[ 5050937ms] [LOG] [Fast Refresh] done in 591ms @ http://localhost:3000/_next/static/chunks/node_modules_next_dist_1e8vcs8._.js:776
[ 5052108ms] [LOG] [Fast Refresh] done in 591ms @ http://localhost:3000/_next/static/chunks/node_modules_next_dist_1e8vcs8._.js:776
[ 5055582ms] [LOG] [Fast Refresh] done in 591ms @ http://localhost:3000/_next/static/chunks/node_modules_next_dist_1e8vcs8._.js:776
[ 5060132ms] [LOG] [Fast Refresh] rebuilding @ http://localhost:3000/_next/static/chunks/node_modules_next_dist_1e8vcs8._.js:776
[ 5060239ms] [LOG] [Fast Refresh] done in 147ms @ http://localhost:3000/_next/static/chunks/node_modules_next_dist_1e8vcs8._.js:776
[ 5060286ms] [LOG] [Fast Refresh] done in 147ms @ http://localhost:3000/_next/static/chunks/node_modules_next_dist_1e8vcs8._.js:776
[ 5060679ms] [LOG] [Fast Refresh] done in 147ms @ http://localhost:3000/_next/static/chunks/node_modules_next_dist_1e8vcs8._.js:776
[ 5074854ms] [LOG] [Fast Refresh] done in 147ms @ http://localhost:3000/_next/static/chunks/node_modules_next_dist_1e8vcs8._.js:776
[ 5076576ms] [LOG] [Fast Refresh] done in 147ms @ http://localhost:3000/_next/static/chunks/node_modules_next_dist_1e8vcs8._.js:776
[ 5081070ms] [LOG] [Fast Refresh] done in 147ms @ http://localhost:3000/_next/static/chunks/node_modules_next_dist_1e8vcs8._.js:776
[ 5084466ms] [LOG] [Fast Refresh] done in 147ms @ http://localhost:3000/_next/static/chunks/node_modules_next_dist_1e8vcs8._.js:776
[ 5106772ms] [LOG] [Fast Refresh] rebuilding @ http://localhost:3000/_next/static/chunks/node_modules_next_dist_1e8vcs8._.js:776
[ 5107083ms] [LOG] [Fast Refresh] done in 317ms @ http://localhost:3000/_next/static/chunks/node_modules_next_dist_1e8vcs8._.js:776
[ 5107223ms] [LOG] [Fast Refresh] done in 317ms @ http://localhost:3000/_next/static/chunks/node_modules_next_dist_1e8vcs8._.js:776
[ 5107398ms] [LOG] [Fast Refresh] done in 317ms @ http://localhost:3000/_next/static/chunks/node_modules_next_dist_1e8vcs8._.js:776
[ 5108876ms] [LOG] [Fast Refresh] done in 317ms @ http://localhost:3000/_next/static/chunks/node_modules_next_dist_1e8vcs8._.js:776
[ 5145345ms] [LOG] [Fast Refresh] done in 317ms @ http://localhost:3000/_next/static/chunks/node_modules_next_dist_1e8vcs8._.js:776
[ 5146396ms] [LOG] [Fast Refresh] done in 317ms @ http://localhost:3000/_next/static/chunks/node_modules_next_dist_1e8vcs8._.js:776
[ 5151432ms] [LOG] [Fast Refresh] done in 317ms @ http://localhost:3000/_next/static/chunks/node_modules_next_dist_1e8vcs8._.js:776
[ 5154655ms] [LOG] [Fast Refresh] done in 317ms @ http://localhost:3000/_next/static/chunks/node_modules_next_dist_1e8vcs8._.js:776
[ 5198785ms] [LOG] [Fast Refresh] rebuilding @ http://localhost:3000/_next/static/chunks/node_modules_next_dist_1e8vcs8._.js:776
[ 5199197ms] [LOG] [Fast Refresh] done in 372ms @ http://localhost:3000/_next/static/chunks/node_modules_next_dist_1e8vcs8._.js:776
[ 5200885ms] [LOG] [Fast Refresh] done in 372ms @ http://localhost:3000/_next/static/chunks/node_modules_next_dist_1e8vcs8._.js:776
[ 5220440ms] [LOG] [Fast Refresh] rebuilding @ http://localhost:3000/_next/static/chunks/node_modules_next_dist_1e8vcs8._.js:776
[ 5220468ms] [LOG] [Fast Refresh] done in 94ms @ http://localhost:3000/_next/static/chunks/node_modules_next_dist_1e8vcs8._.js:776
[ 5280699ms] [LOG] [Fast Refresh] rebuilding @ http://localhost:3000/_next/static/chunks/node_modules_next_dist_1e8vcs8._.js:776
[ 5281086ms] [LOG] [Fast Refresh] done in 330ms @ http://localhost:3000/_next/static/chunks/node_modules_next_dist_1e8vcs8._.js:776
[ 5282728ms] [LOG] [Fast Refresh] done in 330ms @ http://localhost:3000/_next/static/chunks/node_modules_next_dist_1e8vcs8._.js:776
[ 5298082ms] [LOG] [Fast Refresh] done in 330ms @ http://localhost:3000/_next/static/chunks/node_modules_next_dist_1e8vcs8._.js:776
[ 5300797ms] [LOG] [Fast Refresh] done in 330ms @ http://localhost:3000/_next/static/chunks/node_modules_next_dist_1e8vcs8._.js:776
[ 5304628ms] [LOG] [Fast Refresh] rebuilding @ http://localhost:3000/_next/static/chunks/node_modules_next_dist_1e8vcs8._.js:776
[ 5305075ms] [LOG] [Fast Refresh] done in 400ms @ http://localhost:3000/_next/static/chunks/node_modules_next_dist_1e8vcs8._.js:776
[ 5305201ms] [LOG] [Fast Refresh] done in 400ms @ http://localhost:3000/_next/static/chunks/node_modules_next_dist_1e8vcs8._.js:776
[ 5307207ms] [LOG] [Fast Refresh] done in 400ms @ http://localhost:3000/_next/static/chunks/node_modules_next_dist_1e8vcs8._.js:776
[ 5310977ms] [LOG] [Fast Refresh] done in 400ms @ http://localhost:3000/_next/static/chunks/node_modules_next_dist_1e8vcs8._.js:776
[ 5328660ms] [LOG] [Fast Refresh] rebuilding @ http://localhost:3000/_next/static/chunks/node_modules_next_dist_1e8vcs8._.js:776
[ 5329099ms] [LOG] [Fast Refresh] done in 384ms @ http://localhost:3000/_next/static/chunks/node_modules_next_dist_1e8vcs8._.js:776
[ 5329181ms] [LOG] [Fast Refresh] done in 384ms @ http://localhost:3000/_next/static/chunks/node_modules_next_dist_1e8vcs8._.js:776
[ 5331450ms] [LOG] [Fast Refresh] done in 384ms @ http://localhost:3000/_next/static/chunks/node_modules_next_dist_1e8vcs8._.js:776
[ 5409794ms] [LOG] [Fast Refresh] done in 384ms @ http://localhost:3000/_next/static/chunks/node_modules_next_dist_1e8vcs8._.js:776
[ 5411879ms] [LOG] [Fast Refresh] done in 384ms @ http://localhost:3000/_next/static/chunks/node_modules_next_dist_1e8vcs8._.js:776
[ 5500191ms] [LOG] [Fast Refresh] rebuilding @ http://localhost:3000/_next/static/chunks/node_modules_next_dist_1e8vcs8._.js:776
[ 5501637ms] [LOG] [Fast Refresh] done in 1525ms @ http://localhost:3000/_next/static/chunks/node_modules_next_dist_1e8vcs8._.js:776
[ 5501839ms] [LOG] [Fast Refresh] done in 1525ms @ http://localhost:3000/_next/static/chunks/node_modules_next_dist_1e8vcs8._.js:776
[ 5503691ms] [LOG] [Fast Refresh] done in 1525ms @ http://localhost:3000/_next/static/chunks/node_modules_next_dist_1e8vcs8._.js:776
[ 5504788ms] [LOG] [Fast Refresh] done in 1525ms @ http://localhost:3000/_next/static/chunks/node_modules_next_dist_1e8vcs8._.js:776
[ 5506145ms] [LOG] [Fast Refresh] done in 1525ms @ http://localhost:3000/_next/static/chunks/node_modules_next_dist_1e8vcs8._.js:776
[ 5517174ms] [LOG] [Fast Refresh] rebuilding @ http://localhost:3000/_next/static/chunks/node_modules_next_dist_1e8vcs8._.js:776
[ 5518532ms] [ERROR] ./src/components/shared/LandingPage.tsx:66:13
Error: Expected '</', got 'jsx text'
  64 |           
  65 |           Where teams trade, react, and compete.
> 66 |         </p>
     |             ^^^^^^^^^^^^^^^^^^^^^^^^^^^^^^^^^^^^^^^^^^^^^^^^^^^^^^^^^^^^^^^^^^^^^^^^^^^^^^^^^^^^^^^^^^^^^^^^^^^^^^^^^^^^^^^^^^^^^^^^^^^^^^^^^^^^^^^^^^
> 67 |            <p
     | ^^^^^^^^^^^
  68 |           className="rise-in mb-10 max-w-[16rem] md:max-w-[20rem] lg:max-w-md text-sm leading-relaxed text-muted-foreground"
  69 |           style={{ "--rise-delay": "0.34s" } as React.CSSProperties}
  70 |

Parsing ecmascript source code failed

Generated code of loaders [next/dist/build/babel/loader] transform of file content of src/components/shared/LandingPage.tsx:
./src/components/shared/LandingPage.tsx:66:13
  64 |           
  65 |           Where teams trade, react, and compete.
> 66 |         </p>
     |             ^^^^^^^^^^^^^^^^^^^^^^^^^^^^^^^^^^^^^^^^^^^^^^^^^^^^^^^^^^^^^^^^^^^^^^^^^^^^^^^^^^^^^^^^^^^^^^^^^^^^^^^^^^^^^^^^^^^^^^^^^^^^^^^^^^^^^^^^^^
> 67 |            <p
     | ^^^^^^^^^^^
  68 |           className="rise-in mb-10 max-w-[16rem] md:max-w-[20rem] lg:max-w-md text-sm leading-relaxed text-muted-foreground"
  69 |           style={{ "--rise-delay": "0.34s" } as React.CSSProperties}
  70 |

Import trace:
  Server Component:
    ./src/components/shared/LandingPage.tsx
    ./src/app/page.tsx @ http://localhost:3000/_next/static/chunks/node_modules_next_dist_1e8vcs8._.js:1052
[ 5518932ms] [LOG] [Fast Refresh] rebuilding @ http://localhost:3000/_next/static/chunks/node_modules_next_dist_1e8vcs8._.js:776
[ 5519491ms] [ERROR] ./src/components/shared/LandingPage.tsx:66:13
Error: Expected '</', got 'jsx text'
  64 |           
  65 |           Where teams trade, react, and compete.
> 66 |         </p>
     |             ^^^^^^^^^^^^^^^^^^^^^^^^^^^^^^^^^^^^^^^^^^^^^^^^^^^^^^^^^^^^^^^^^^^^^^^^^^^^^^^^^^^^^^^^^^^^^^^^^^^^^^^^^^^^^^^^^^^^^^^^^^^^^^^^^^^^^^^^^^
> 67 |            <p
     | ^^^^^^^^^^^
  68 |           className="rise-in mb-10 max-w-[16rem] md:max-w-[20rem] lg:max-w-md text-sm leading-relaxed text-muted-foreground"
  69 |           style={{ "--rise-delay": "0.34s" } as React.CSSProperties}
  70 |

Parsing ecmascript source code failed

Generated code of loaders [next/dist/build/babel/loader] transform of file content of src/components/shared/LandingPage.tsx:
./src/components/shared/LandingPage.tsx:66:13
  64 |           
  65 |           Where teams trade, react, and compete.
> 66 |         </p>
     |             ^^^^^^^^^^^^^^^^^^^^^^^^^^^^^^^^^^^^^^^^^^^^^^^^^^^^^^^^^^^^^^^^^^^^^^^^^^^^^^^^^^^^^^^^^^^^^^^^^^^^^^^^^^^^^^^^^^^^^^^^^^^^^^^^^^^^^^^^^^
> 67 |            <p
     | ^^^^^^^^^^^
  68 |           className="rise-in mb-10 max-w-[16rem] md:max-w-[20rem] lg:max-w-md text-sm leading-relaxed text-muted-foreground"
  69 |           style={{ "--rise-delay": "0.34s" } as React.CSSProperties}
  70 |

Import trace:
  Server Component:
    ./src/components/shared/LandingPage.tsx
    ./src/app/page.tsx @ http://localhost:3000/_next/static/chunks/node_modules_next_dist_1e8vcs8._.js:1052
[ 5519610ms] [ERROR] ./src/components/shared/LandingPage.tsx:66:13
Error: Expected '</', got 'jsx text'
  64 |           
  65 |           Where teams trade, react, and compete.
> 66 |         </p>
     |             ^^^^^^^^^^^^^^^^^^^^^^^^^^^^^^^^^^^^^^^^^^^^^^^^^^^^^^^^^^^^^^^^^^^^^^^^^^^^^^^^^^^^^^^^^^^^^^^^^^^^^^^^^^^^^^^^^^^^^^^^^^^^^^^^^^^^^^^^^^
> 67 |            <p
     | ^^^^^^^^^^^
  68 |           className="rise-in mb-10 max-w-[16rem] md:max-w-[20rem] lg:max-w-md text-sm leading-relaxed text-muted-foreground"
  69 |           style={{ "--rise-delay": "0.34s" } as React.CSSProperties}
  70 |

Parsing ecmascript source code failed

Generated code of loaders [next/dist/build/babel/loader] transform of file content of src/components/shared/LandingPage.tsx:
./src/components/shared/LandingPage.tsx:66:13
  64 |           
  65 |           Where teams trade, react, and compete.
> 66 |         </p>
     |             ^^^^^^^^^^^^^^^^^^^^^^^^^^^^^^^^^^^^^^^^^^^^^^^^^^^^^^^^^^^^^^^^^^^^^^^^^^^^^^^^^^^^^^^^^^^^^^^^^^^^^^^^^^^^^^^^^^^^^^^^^^^^^^^^^^^^^^^^^^
> 67 |            <p
     | ^^^^^^^^^^^
  68 |           className="rise-in mb-10 max-w-[16rem] md:max-w-[20rem] lg:max-w-md text-sm leading-relaxed text-muted-foreground"
  69 |           style={{ "--rise-delay": "0.34s" } as React.CSSProperties}
  70 |

Import trace:
  Server Component:
    ./src/components/shared/LandingPage.tsx
    ./src/app/page.tsx @ http://localhost:3000/_next/static/chunks/node_modules_next_dist_1e8vcs8._.js:1052
[ 5528615ms] [ERROR] ./src/components/shared/LandingPage.tsx:84:15
Error: Expected '</', got 'ident'
  82 |           <Link href="/admin/login">Admin Sign In</Link>
  83 |       </Button>
> 84 |           </d iv>
     |               ^^
  85 |         </di v>
  86 |       </main>
  87 |

Parsing ecmascript source code failed

Generated code of loaders [next/dist/build/babel/loader] transform of file content of src/components/shared/LandingPage.tsx:
./src/components/shared/LandingPage.tsx:84:15
  82 |           <Link href="/admin/login">Admin Sign In</Link>
  83 |       </Button>
> 84 |           </d iv>
     |               ^^
  85 |         </di v>
  86 |       </main>
  87 |

Import trace:
  Server Component:
    ./src/components/shared/LandingPage.tsx
    ./src/app/page.tsx @ http://localhost:3000/_next/static/chunks/node_modules_next_dist_1e8vcs8._.js:1052
[ 5528645ms] [LOG] [Fast Refresh] rebuilding @ http://localhost:3000/_next/static/chunks/node_modules_next_dist_1e8vcs8._.js:776
[ 5539810ms] [ERROR] ./src/components/shared/LandingPage.tsx:84:15
Error: Expected '</', got 'ident'
  82 |           <Link href="/admin/login">Admin Sign In</Link>
  83 |       </Button>
> 84 |           </d iv>
     |               ^^
  85 |         </di v>
  86 |       </main>
  87 |

Parsing ecmascript source code failed

Generated code of loaders [next/dist/build/babel/loader] transform of file content of src/components/shared/LandingPage.tsx:
./src/components/shared/LandingPage.tsx:84:15
  82 |           <Link href="/admin/login">Admin Sign In</Link>
  83 |       </Button>
> 84 |           </d iv>
     |               ^^
  85 |         </di v>
  86 |       </main>
  87 |

Import trace:
  Server Component:
    ./src/components/shared/LandingPage.tsx
    ./src/app/page.tsx @ http://localhost:3000/_next/static/chunks/node_modules_next_dist_1e8vcs8._.js:1052
[ 5542161ms] [ERROR] ./src/components/shared/LandingPage.tsx:84:15
Error: Expected '</', got 'ident'
  82 |           <Link href="/admin/login">Admin Sign In</Link>
  83 |       </Button>
> 84 |           </d iv>
     |               ^^
  85 |         </di v>
  86 |       </main>
  87 |

Parsing ecmascript source code failed

Generated code of loaders [next/dist/build/babel/loader] transform of file content of src/components/shared/LandingPage.tsx:
./src/components/shared/LandingPage.tsx:84:15
  82 |           <Link href="/admin/login">Admin Sign In</Link>
  83 |       </Button>
> 84 |           </d iv>
     |               ^^
  85 |         </di v>
  86 |       </main>
  87 |

Import trace:
  Server Component:
    ./src/components/shared/LandingPage.tsx
    ./src/app/page.tsx @ http://localhost:3000/_next/static/chunks/node_modules_next_dist_1e8vcs8._.js:1052
[ 5550267ms] [ERROR] ./src/components/shared/LandingPage.tsx:84:15
Error: Expected '</', got 'ident'
  82 |           <Link href="/admin/login">Admin Sign In</Link>
  83 |       </Button>
> 84 |           </d iv>
     |               ^^
  85 |         </di v>
  86 |       </main>
  87 |

Parsing ecmascript source code failed

Generated code of loaders [next/dist/build/babel/loader] transform of file content of src/components/shared/LandingPage.tsx:
./src/components/shared/LandingPage.tsx:84:15
  82 |           <Link href="/admin/login">Admin Sign In</Link>
  83 |       </Button>
> 84 |           </d iv>
     |               ^^
  85 |         </di v>
  86 |       </main>
  87 |

Import trace:
  Server Component:
    ./src/components/shared/LandingPage.tsx
    ./src/app/page.tsx @ http://localhost:3000/_next/static/chunks/node_modules_next_dist_1e8vcs8._.js:1052
[ 5550378ms] [ERROR] ./src/components/shared/LandingPage.tsx:84:15
Error: Expected '</', got 'ident'
  82 |           <Link href="/admin/login">Admin Sign In</Link>
  83 |       </Button>
> 84 |           </d iv>
     |               ^^
  85 |         </di v>
  86 |       </main>
  87 |

Parsing ecmascript source code failed

Generated code of loaders [next/dist/build/babel/loader] transform of file content of src/components/shared/LandingPage.tsx:
./src/components/shared/LandingPage.tsx:84:15
  82 |           <Link href="/admin/login">Admin Sign In</Link>
  83 |       </Button>
> 84 |           </d iv>
     |               ^^
  85 |         </di v>
  86 |       </main>
  87 |

Import trace:
  Server Component:
    ./src/components/shared/LandingPage.tsx
    ./src/app/page.tsx @ http://localhost:3000/_next/static/chunks/node_modules_next_dist_1e8vcs8._.js:1052
[ 5550467ms] [LOG] [Fast Refresh] rebuilding @ http://localhost:3000/_next/static/chunks/node_modules_next_dist_1e8vcs8._.js:776
[ 5550629ms] [ERROR] ./src/components/shared/LandingPage.tsx:84:15
Error: Expected '</', got 'ident'
  82 |           <Link href="/admin/login">Admin Sign In</Link>
  83 |       </Button>
> 84 |           </d iv>
     |               ^^
  85 |         </di v>
  86 |       </main>
  87 |

Parsing ecmascript source code failed

Generated code of loaders [next/dist/build/babel/loader] transform of file content of src/components/shared/LandingPage.tsx:
./src/components/shared/LandingPage.tsx:84:15
  82 |           <Link href="/admin/login">Admin Sign In</Link>
  83 |       </Button>
> 84 |           </d iv>
     |               ^^
  85 |         </di v>
  86 |       </main>
  87 |

Import trace:
  Server Component:
    ./src/components/shared/LandingPage.tsx
    ./src/app/page.tsx @ http://localhost:3000/_next/static/chunks/node_modules_next_dist_1e8vcs8._.js:1052
[ 5551099ms] [ERROR] ./src/components/shared/LandingPage.tsx:84:15
Error: Expected '</', got 'ident'
  82 |           <Link href="/admin/login">Admin Sign In</Link>
  83 |       </Button>
> 84 |           </d iv>
     |               ^^
  85 |         </di v>
  86 |       </main>
  87 |

Parsing ecmascript source code failed

Generated code of loaders [next/dist/build/babel/loader] transform of file content of src/components/shared/LandingPage.tsx:
./src/components/shared/LandingPage.tsx:84:15
  82 |           <Link href="/admin/login">Admin Sign In</Link>
  83 |       </Button>
> 84 |           </d iv>
     |               ^^
  85 |         </di v>
  86 |       </main>
  87 |

Import trace:
  Server Component:
    ./src/components/shared/LandingPage.tsx
    ./src/app/page.tsx @ http://localhost:3000/_next/static/chunks/node_modules_next_dist_1e8vcs8._.js:1052
[ 5551300ms] [LOG] [Fast Refresh] rebuilding @ http://localhost:3000/_next/static/chunks/node_modules_next_dist_1e8vcs8._.js:776
[ 5551347ms] [ERROR] ./src/components/shared/LandingPage.tsx:84:15
Error: Expected '</', got 'ident'
  82 |           <Link href="/admin/login">Admin Sign In</Link>
  83 |       </Button>
> 84 |           </d iv>
     |               ^^
  85 |         </di v>
  86 |       </main>
  87 |

Parsing ecmascript source code failed

Generated code of loaders [next/dist/build/babel/loader] transform of file content of src/components/shared/LandingPage.tsx:
./src/components/shared/LandingPage.tsx:84:15
  82 |           <Link href="/admin/login">Admin Sign In</Link>
  83 |       </Button>
> 84 |           </d iv>
     |               ^^
  85 |         </di v>
  86 |       </main>
  87 |

Import trace:
  Server Component:
    ./src/components/shared/LandingPage.tsx
    ./src/app/page.tsx @ http://localhost:3000/_next/static/chunks/node_modules_next_dist_1e8vcs8._.js:1052
[ 5551463ms] [ERROR] ./src/components/shared/LandingPage.tsx:84:15
Error: Expected '</', got 'ident'
  82 |           <Link href="/admin/login">Admin Sign In</Link>
  83 |       </Button>
> 84 |           </d iv>
     |               ^^
  85 |         </di v>
  86 |       </main>
  87 |

Parsing ecmascript source code failed

Generated code of loaders [next/dist/build/babel/loader] transform of file content of src/components/shared/LandingPage.tsx:
./src/components/shared/LandingPage.tsx:84:15
  82 |           <Link href="/admin/login">Admin Sign In</Link>
  83 |       </Button>
> 84 |           </d iv>
     |               ^^
  85 |         </di v>
  86 |       </main>
  87 |

Import trace:
  Server Component:
    ./src/components/shared/LandingPage.tsx
    ./src/app/page.tsx @ http://localhost:3000/_next/static/chunks/node_modules_next_dist_1e8vcs8._.js:1052
[ 5551552ms] [LOG] [Fast Refresh] rebuilding @ http://localhost:3000/_next/static/chunks/node_modules_next_dist_1e8vcs8._.js:776
[ 5557831ms] [ERROR] ./src/components/shared/LandingPage.tsx:68:1
Error: Expected '</', got 'string literal'
  66 |           </p>
  67 |           <p
> 68 | "rise-in mb-10 max-w-[16rem] md:max-w-[20rem] lg:max-w-md text-sm leading-relaxed text-muted-foreground"
     | ^^^^^^^^^^^^^^^^^^^^^^^^^^^^^^^^^^^^^^^^^^^^^^^^^^^^^^^^^^^^^^^^^^^^^^^^^^^^^^^^^^^^^^^^^^^^^^^^^^^^^^^^
  69 |           style={{ "--rise-delay": "0.34s" } as React.CSSProperties}
  70 |           >
  71 |           A live market simulation across three timed rounds — build your

Parsing ecmascript source code failed

Generated code of loaders [next/dist/build/babel/loader] transform of file content of src/components/shared/LandingPage.tsx:
./src/components/shared/LandingPage.tsx:68:1
  66 |           </p>
  67 |           <p
> 68 | "rise-in mb-10 max-w-[16rem] md:max-w-[20rem] lg:max-w-md text-sm leading-relaxed text-muted-foreground"
     | ^^^^^^^^^^^^^^^^^^^^^^^^^^^^^^^^^^^^^^^^^^^^^^^^^^^^^^^^^^^^^^^^^^^^^^^^^^^^^^^^^^^^^^^^^^^^^^^^^^^^^^^^
  69 |           style={{ "--rise-delay": "0.34s" } as React.CSSProperties}
  70 |           >
  71 |           A live market simulation across three timed rounds — build your

Import trace:
  Server Component:
    ./src/components/shared/LandingPage.tsx
    ./src/app/page.tsx @ http://localhost:3000/_next/static/chunks/node_modules_next_dist_1e8vcs8._.js:1052
[ 5557877ms] [LOG] [Fast Refresh] rebuilding @ http://localhost:3000/_next/static/chunks/node_modules_next_dist_1e8vcs8._.js:776
[ 5567044ms] [ERROR] ./src/components/shared/LandingPage.tsx:86:11
Error: Unexpected token. Did you mean `{'>'}` or `&gt;`?
  84 |           </div>
  85 |         </div>
> 86 |        ain>
     |           ^
  87 |   
  88 |       <footer
  89 |         className="rise-in flex flex-wrap items-center justify-between gap-x-6 gap-y-1.5 border-t border-border px-6 py-4 text-[11px] uppercase tra...

Parsing ecmascript source code failed

Generated code of loaders [next/dist/build/babel/loader] transform of file content of src/components/shared/LandingPage.tsx:
./src/components/shared/LandingPage.tsx:86:11
  84 |           </div>
  85 |         </div>
> 86 |        ain>
     |           ^
  87 |   
  88 |       <footer
  89 |         className="rise-in flex flex-wrap items-center justify-between gap-x-6 gap-y-1.5 border-t border-border px-6 py-4 text-[11px] uppercase tra...

Import trace:
  Server Component:
    ./src/components/shared/LandingPage.tsx
    ./src/app/page.tsx @ http://localhost:3000/_next/static/chunks/node_modules_next_dist_1e8vcs8._.js:1052
[ 5567045ms] [ERROR] ./src/components/shared/LandingPage.tsx:104:1
Error: Unexpected token. Did you mean `{'}'}` or `&rbrace;`?
  102 |     </div>
  103 |   );
> 104 | };
      | ^
  105 |

Parsing ecmascript source code failed

Generated code of loaders [next/dist/build/babel/loader] transform of file content of src/components/shared/LandingPage.tsx:
./src/components/shared/LandingPage.tsx:104:1
  102 |     </div>
  103 |   );
> 104 | };
      | ^
  105 |

Import trace:
  Server Component:
    ./src/components/shared/LandingPage.tsx
    ./src/app/page.tsx @ http://localhost:3000/_next/static/chunks/node_modules_next_dist_1e8vcs8._.js:1052
[ 5567103ms] [LOG] [Fast Refresh] rebuilding @ http://localhost:3000/_next/static/chunks/node_modules_next_dist_1e8vcs8._.js:776
[ 5569987ms] [ERROR] ./src/components/shared/LandingPage.tsx:86:11
Error: Expected '</', got 'ident'
  84 |           </div>
  85 |         </div>
> 86 |       </m ain>
     |           ^^^
  87 |   
  88 |       <footer
  89 |         className="rise-in flex flex-wrap items-center justify-between gap-x-6 gap-y-1.5 border-t border-border px-6 py-4 text-[11px] uppercase tra...

Parsing ecmascript source code failed

Generated code of loaders [next/dist/build/babel/loader] transform of file content of src/components/shared/LandingPage.tsx:
./src/components/shared/LandingPage.tsx:86:11
  84 |           </div>
  85 |         </div>
> 86 |       </m ain>
     |           ^^^
  87 |   
  88 |       <footer
  89 |         className="rise-in flex flex-wrap items-center justify-between gap-x-6 gap-y-1.5 border-t border-border px-6 py-4 text-[11px] uppercase tra...

Import trace:
  Server Component:
    ./src/components/shared/LandingPage.tsx
    ./src/app/page.tsx @ http://localhost:3000/_next/static/chunks/node_modules_next_dist_1e8vcs8._.js:1052
[ 5570029ms] [LOG] [Fast Refresh] rebuilding @ http://localhost:3000/_next/static/chunks/node_modules_next_dist_1e8vcs8._.js:776
[ 5574832ms] [ERROR] ./src/components/shared/LandingPage.tsx:86:11
Error: Expected '</', got 'ident'
  84 |           </div>
  85 |         </div>
> 86 |       </m ain>
     |           ^^^
  87 |   
  88 |       <footer
  89 |         className="rise-in flex flex-wrap items-center justify-between gap-x-6 gap-y-1.5 border-t border-border px-6 py-4 text-[11px] uppercase tra...

Parsing ecmascript source code failed

Generated code of loaders [next/dist/build/babel/loader] transform of file content of src/components/shared/LandingPage.tsx:
./src/components/shared/LandingPage.tsx:86:11
  84 |           </div>
  85 |         </div>
> 86 |       </m ain>
     |           ^^^
  87 |   
  88 |       <footer
  89 |         className="rise-in flex flex-wrap items-center justify-between gap-x-6 gap-y-1.5 border-t border-border px-6 py-4 text-[11px] uppercase tra...

Import trace:
  Server Component:
    ./src/components/shared/LandingPage.tsx
    ./src/app/page.tsx @ http://localhost:3000/_next/static/chunks/node_modules_next_dist_1e8vcs8._.js:1052
[ 5613122ms] [ERROR] ./src/components/shared/LandingPage.tsx:86:11
Error: Expected '</', got 'ident'
  84 |           </div>
  85 |         </div>
> 86 |       </m ain>
     |           ^^^
  87 |   
  88 |       <footer
  89 |         className="rise-in flex flex-wrap items-center justify-between gap-x-6 gap-y-1.5 border-t border-border px-6 py-4 text-[11px] uppercase tra...

Parsing ecmascript source code failed

Generated code of loaders [next/dist/build/babel/loader] transform of file content of src/components/shared/LandingPage.tsx:
./src/components/shared/LandingPage.tsx:86:11
  84 |           </div>
  85 |         </div>
> 86 |       </m ain>
     |           ^^^
  87 |   
  88 |       <footer
  89 |         className="rise-in flex flex-wrap items-center justify-between gap-x-6 gap-y-1.5 border-t border-border px-6 py-4 text-[11px] uppercase tra...

Import trace:
  Server Component:
    ./src/components/shared/LandingPage.tsx
    ./src/app/page.tsx @ http://localhost:3000/_next/static/chunks/node_modules_next_dist_1e8vcs8._.js:1052
[ 5613270ms] [ERROR] ./src/components/shared/LandingPage.tsx:86:11
Error: Expected '</', got 'ident'
  84 |           </div>
  85 |         </div>
> 86 |       </m ain>
     |           ^^^
  87 |   
  88 |       <footer
  89 |         className="rise-in flex flex-wrap items-center justify-between gap-x-6 gap-y-1.5 border-t border-border px-6 py-4 text-[11px] uppercase tra...

Parsing ecmascript source code failed

Generated code of loaders [next/dist/build/babel/loader] transform of file content of src/components/shared/LandingPage.tsx:
./src/components/shared/LandingPage.tsx:86:11
  84 |           </div>
  85 |         </div>
> 86 |       </m ain>
     |           ^^^
  87 |   
  88 |       <footer
  89 |         className="rise-in flex flex-wrap items-center justify-between gap-x-6 gap-y-1.5 border-t border-border px-6 py-4 text-[11px] uppercase tra...

Import trace:
  Server Component:
    ./src/components/shared/LandingPage.tsx
    ./src/app/page.tsx @ http://localhost:3000/_next/static/chunks/node_modules_next_dist_1e8vcs8._.js:1052
[ 5613346ms] [ERROR] ./src/components/shared/LandingPage.tsx:86:11
Error: Expected '</', got 'ident'
  84 |           </div>
  85 |         </div>
> 86 |       </m ain>
     |           ^^^
  87 |   
  88 |       <footer
  89 |         className="rise-in flex flex-wrap items-center justify-between gap-x-6 gap-y-1.5 border-t border-border px-6 py-4 text-[11px] uppercase tra...

Parsing ecmascript source code failed

Generated code of loaders [next/dist/build/babel/loader] transform of file content of src/components/shared/LandingPage.tsx:
./src/components/shared/LandingPage.tsx:86:11
  84 |           </div>
  85 |         </div>
> 86 |       </m ain>
     |           ^^^
  87 |   
  88 |       <footer
  89 |         className="rise-in flex flex-wrap items-center justify-between gap-x-6 gap-y-1.5 border-t border-border px-6 py-4 text-[11px] uppercase tra...

Import trace:
  Server Component:
    ./src/components/shared/LandingPage.tsx
    ./src/app/page.tsx @ http://localhost:3000/_next/static/chunks/node_modules_next_dist_1e8vcs8._.js:1052
[ 5613362ms] [LOG] [Fast Refresh] rebuilding @ http://localhost:3000/_next/static/chunks/node_modules_next_dist_1e8vcs8._.js:776
[ 5613601ms] [ERROR] ./src/components/shared/LandingPage.tsx:86:11
Error: Expected '</', got 'ident'
  84 |           </div>
  85 |         </div>
> 86 |       </m ain>
     |           ^^^
  87 |   
  88 |       <footer
  89 |         className="rise-in flex flex-wrap items-center justify-between gap-x-6 gap-y-1.5 border-t border-border px-6 py-4 text-[11px] uppercase tra...

Parsing ecmascript source code failed

Generated code of loaders [next/dist/build/babel/loader] transform of file content of src/components/shared/LandingPage.tsx:
./src/components/shared/LandingPage.tsx:86:11
  84 |           </div>
  85 |         </div>
> 86 |       </m ain>
     |           ^^^
  87 |   
  88 |       <footer
  89 |         className="rise-in flex flex-wrap items-center justify-between gap-x-6 gap-y-1.5 border-t border-border px-6 py-4 text-[11px] uppercase tra...

Import trace:
  Server Component:
    ./src/components/shared/LandingPage.tsx
    ./src/app/page.tsx @ http://localhost:3000/_next/static/chunks/node_modules_next_dist_1e8vcs8._.js:1052
[ 5613667ms] [LOG] [Fast Refresh] rebuilding @ http://localhost:3000/_next/static/chunks/node_modules_next_dist_1e8vcs8._.js:776
[ 5617443ms] [ERROR] ./src/components/shared/LandingPage.tsx:86:11
Error: Expected '</', got 'ident'
  84 |           </div>
  85 |         </div>
> 86 |       </m ain>
     |           ^^^
  87 |   
  88 |       <footer
  89 |         className="rise-in flex flex-wrap items-center justify-between gap-x-6 gap-y-1.5 border-t border-border px-6 py-4 text-[11px] uppercase tra...

Parsing ecmascript source code failed

Generated code of loaders [next/dist/build/babel/loader] transform of file content of src/components/shared/LandingPage.tsx:
./src/components/shared/LandingPage.tsx:86:11
  84 |           </div>
  85 |         </div>
> 86 |       </m ain>
     |           ^^^
  87 |   
  88 |       <footer
  89 |         className="rise-in flex flex-wrap items-center justify-between gap-x-6 gap-y-1.5 border-t border-border px-6 py-4 text-[11px] uppercase tra...

Import trace:
  Server Component:
    ./src/components/shared/LandingPage.tsx
    ./src/app/page.tsx @ http://localhost:3000/_next/static/chunks/node_modules_next_dist_1e8vcs8._.js:1052
[ 5650699ms] [ERROR] WebSocket connection to 'ws://localhost:3000/_next/hmr?id=y3mKP8j1dJNJgeeJdp9A6' failed: Error in connection establishment: net::ERR_CONNECTION_REFUSED @ http://localhost:3000/_next/static/chunks/node_modules_next_dist_client_0_90u2t._.js:16256
[ 5651702ms] [ERROR] WebSocket connection to 'ws://localhost:3000/_next/hmr?id=y3mKP8j1dJNJgeeJdp9A6' failed: Error in connection establishment: net::ERR_CONNECTION_REFUSED @ http://localhost:3000/_next/static/chunks/node_modules_next_dist_client_0_90u2t._.js:16256
[ 5652704ms] [ERROR] WebSocket connection to 'ws://localhost:3000/_next/hmr?id=y3mKP8j1dJNJgeeJdp9A6' failed: Error in connection establishment: net::ERR_CONNECTION_REFUSED @ http://localhost:3000/_next/static/chunks/node_modules_next_dist_client_0_90u2t._.js:16256
[ 5653707ms] [ERROR] WebSocket connection to 'ws://localhost:3000/_next/hmr?id=y3mKP8j1dJNJgeeJdp9A6' failed: Error in connection establishment: net::ERR_CONNECTION_REFUSED @ http://localhost:3000/_next/static/chunks/node_modules_next_dist_client_0_90u2t._.js:16256
[ 5654710ms] [ERROR] WebSocket connection to 'ws://localhost:3000/_next/hmr?id=y3mKP8j1dJNJgeeJdp9A6' failed: Error in connection establishment: net::ERR_CONNECTION_REFUSED @ http://localhost:3000/_next/static/chunks/node_modules_next_dist_client_0_90u2t._.js:16256
[ 5660416ms] [LOG] [HMR] connected @ http://localhost:3000/_next/static/chunks/node_modules_next_dist_1e8vcs8._.js:776
[ 5665100ms] [ERROR] Failed to load resource: the server responded with a status of 500 (Internal Server Error) @ http://localhost:3000/admin/login:0
[ 5665609ms] [INFO] %cDownload the React DevTools for a better development experience: https://react.dev/link/react-devtools font-weight:bold @ http://localhost:3000/_next/static/chunks/node_modules_react-dom_0kla17-._.js:15093
[ 5665932ms] [ERROR] Refused to execute script from 'http://localhost:3000/_next/static/development/_clientMiddlewareManifest.js' because its MIME type ('application/json') is not executable, and strict MIME type checking is enabled. @ http://localhost:3000/admin/login:0
[ 5665989ms] Error: ./src/components/shared/LandingPage.tsx:86:11
Error: Expected '</', got 'ident'
  84 |           </div>
  85 |         </div>
> 86 |       </m ain>
     |           ^^^
  87 |   
  88 |       <footer
  89 |         className="rise-in flex flex-wrap items-cente...

Parsing ecmascript source code failed

Generated code of loaders [next/dist/build/babel/loader] transform of file content of src/components/shared/LandingPage.tsx:
./src/components/shared/LandingPage.tsx:86:11
  84 |           </div>
  85 |         </div>
> 86 |       </m ain>
     |           ^^^
  87 |   
  88 |       <footer
  89 |         className="rise-in flex flex-wrap items-cente...

Import trace:
  Server Component:
    ./src/components/shared/LandingPage.tsx
    ./src/app/page.tsx


    at <unknown> (Error: ./src/components/shared/LandingPage.tsx:86:11)
    at <unknown> (./src/components/shared/LandingPage.tsx:86:11)
    at Object.getCompilationErrors (file:///home/abhinav/dev/SANDBOX/node_modules/next/dist/server/dev/hot-reloader-turbopack.js:1410:59)
    at DevBundlerService.getCompilationError (file:///home/abhinav/dev/SANDBOX/node_modules/next/dist/server/lib/dev-bundler-service.js:59:55)
    at DevServer.getCompilationError (file:///home/abhinav/dev/SANDBOX/node_modules/next/dist/server/dev/next-dev-server.js:754:42)
    at DevServer.findPageComponents (file:///home/abhinav/dev/SANDBOX/node_modules/next/dist/server/dev/next-dev-server.js:724:43)
    at async DevServer.renderErrorToResponseImpl (file:///home/abhinav/dev/SANDBOX/node_modules/next/dist/server/base-server.js:1828:26)
[ 5665972ms] [LOG] [HMR] connected @ http://localhost:3000/_next/static/chunks/node_modules_next_dist_1gdrd03._.js:756
[ 5665989ms] [ERROR] ./src/components/shared/LandingPage.tsx:86:11
Error: Expected '</', got 'ident'
  84 |           </div>
  85 |         </div>
> 86 |       </m ain>
     |           ^^^
  87 |   
  88 |       <footer
  89 |         className="rise-in flex flex-wrap items-cente...

Parsing ecmascript source code failed

Generated code of loaders [next/dist/build/babel/loader] transform of file content of src/components/shared/LandingPage.tsx:
./src/components/shared/LandingPage.tsx:86:11
  84 |           </div>
  85 |         </div>
> 86 |       </m ain>
     |           ^^^
  87 |   
  88 |       <footer
  89 |         className="rise-in flex flex-wrap items-cente...

Import trace:
  Server Component:
    ./src/components/shared/LandingPage.tsx
    ./src/app/page.tsx @ http://localhost:3000/_next/static/chunks/node_modules_next_dist_1gdrd03._.js:1817
[ 5666154ms] [ERROR] ./src/components/shared/LandingPage.tsx:86:11
Error: Expected '</', got 'ident'
  84 |           </div>
  85 |         </div>
> 86 |       </m ain>
     |           ^^^
  87 |   
  88 |       <footer
  89 |         className="rise-in flex flex-wrap items-cente...

Parsing ecmascript source code failed

Generated code of loaders [next/dist/build/babel/loader] transform of file content of src/components/shared/LandingPage.tsx:
./src/components/shared/LandingPage.tsx:86:11
  84 |           </div>
  85 |         </div>
> 86 |       </m ain>
     |           ^^^
  87 |   
  88 |       <footer
  89 |         className="rise-in flex flex-wrap items-cente...

Import trace:
  Server Component:
    ./src/components/shared/LandingPage.tsx
    ./src/app/page.tsx @ http://localhost:3000/_next/static/chunks/node_modules_next_dist_1gdrd03._.js:1817
[ 5666516ms] [ERROR] ./src/components/shared/LandingPage.tsx:86:11
Error: Expected '</', got 'ident'
  84 |           </div>
  85 |         </div>
> 86 |       </m ain>
     |           ^^^
  87 |   
  88 |       <footer
  89 |         className="rise-in flex flex-wrap items-cente...

Parsing ecmascript source code failed

Generated code of loaders [next/dist/build/babel/loader] transform of file content of src/components/shared/LandingPage.tsx:
./src/components/shared/LandingPage.tsx:86:11
  84 |           </div>
  85 |         </div>
> 86 |       </m ain>
     |           ^^^
  87 |   
  88 |       <footer
  89 |         className="rise-in flex flex-wrap items-cente...

Import trace:
  Server Component:
    ./src/components/shared/LandingPage.tsx
    ./src/app/page.tsx @ http://localhost:3000/_next/static/chunks/node_modules_next_dist_1gdrd03._.js:1817
[ 5666648ms] [ERROR] ./src/components/shared/LandingPage.tsx:86:11
Error: Expected '</', got 'ident'
  84 |           </div>
  85 |         </div>
> 86 |       </m ain>
     |           ^^^
  87 |   
  88 |       <footer
  89 |         className="rise-in flex flex-wrap items-cente...

Parsing ecmascript source code failed

Generated code of loaders [next/dist/build/babel/loader] transform of file content of src/components/shared/LandingPage.tsx:
./src/components/shared/LandingPage.tsx:86:11
  84 |           </div>
  85 |         </div>
> 86 |       </m ain>
     |           ^^^
  87 |   
  88 |       <footer
  89 |         className="rise-in flex flex-wrap items-cente...

Import trace:
  Server Component:
    ./src/components/shared/LandingPage.tsx
    ./src/app/page.tsx @ http://localhost:3000/_next/static/chunks/node_modules_next_dist_1gdrd03._.js:1817
[ 5666688ms] [ERROR] ./src/components/shared/LandingPage.tsx:86:11
Error: Expected '</', got 'ident'
  84 |           </div>
  85 |         </div>
> 86 |       </m ain>
     |           ^^^
  87 |   
  88 |       <footer
  89 |         className="rise-in flex flex-wrap items-cente...

Parsing ecmascript source code failed

Generated code of loaders [next/dist/build/babel/loader] transform of file content of src/components/shared/LandingPage.tsx:
./src/components/shared/LandingPage.tsx:86:11
  84 |           </div>
  85 |         </div>
> 86 |       </m ain>
     |           ^^^
  87 |   
  88 |       <footer
  89 |         className="rise-in flex flex-wrap items-cente...

Import trace:
  Server Component:
    ./src/components/shared/LandingPage.tsx
    ./src/app/page.tsx @ http://localhost:3000/_next/static/chunks/node_modules_next_dist_1gdrd03._.js:1817
[ 5744036ms] [LOG] [Fast Refresh] rebuilding @ http://localhost:3000/_next/static/chunks/node_modules_next_dist_1gdrd03._.js:756
[ 5745212ms] [LOG] [Fast Refresh] done in 1275ms @ http://localhost:3000/_next/static/chunks/node_modules_next_dist_1gdrd03._.js:756
[ 5745765ms] [LOG] [Fast Refresh] done in 1275ms @ http://localhost:3000/_next/static/chunks/node_modules_next_dist_1gdrd03._.js:756
[ 5746153ms] [LOG] [Fast Refresh] done in 1275ms @ http://localhost:3000/_next/static/chunks/node_modules_next_dist_1gdrd03._.js:756
[ 5746598ms] [INFO] %cDownload the React DevTools for a better development experience: https://react.dev/link/react-devtools font-weight:bold @ http://localhost:3000/_next/static/chunks/node_modules_next_dist_1e8vcs8._.js:776
[ 5746842ms] [LOG] [HMR] connected @ http://localhost:3000/_next/static/chunks/node_modules_next_dist_1e8vcs8._.js:776
[ 5747152ms] [LOG] [Fast Refresh] rebuilding @ http://localhost:3000/_next/static/chunks/node_modules_next_dist_1e8vcs8._.js:776
[ 5747387ms] [ERROR] Loading the script 'https://va.vercel-scripts.com/v1/script.debug.js' violates the following Content Security Policy directive: "script-src 'self' 'unsafe-eval' 'unsafe-inline' https://qmzsnlviwmbdecyomgbh.supabase.co". Note that 'script-src-elem' was not explicitly set, so 'script-src' is used as a fallback. The action has been blocked. @ http://localhost:3000/_next/static/chunks/node_modules_122xzik._.js:19307
[ 5747395ms] [ERROR] Loading the script 'https://va.vercel-scripts.com/v1/speed-insights/script.debug.js' violates the following Content Security Policy directive: "script-src 'self' 'unsafe-eval' 'unsafe-inline' https://qmzsnlviwmbdecyomgbh.supabase.co". Note that 'script-src-elem' was not explicitly set, so 'script-src' is used as a fallback. The action has been blocked. @ http://localhost:3000/_next/static/chunks/node_modules_122xzik._.js:19569
[ 5747400ms] [LOG] [Vercel Web Analytics] Failed to load script from https://va.vercel-scripts.com/v1/script.debug.js. Please check if any ad blockers are enabled and try again. @ http://localhost:3000/_next/static/chunks/node_modules_next_dist_1e8vcs8._.js:776
[ 5747409ms] [LOG] [Vercel Speed Insights] Failed to load script from https://va.vercel-scripts.com/v1/speed-insights/script.debug.js. Please check if any content blockers are enabled and try again. @ http://localhost:3000/_next/static/chunks/node_modules_next_dist_1e8vcs8._.js:776
[ 5747496ms] [LOG] [Fast Refresh] done in 477ms @ http://localhost:3000/_next/static/chunks/node_modules_next_dist_1e8vcs8._.js:776
[ 5805774ms] [ERROR] WebSocket connection to 'ws://localhost:3000/_next/hmr?id=kug-V1Wz-rztmGEsG-8uT' failed: Error in connection establishment: net::ERR_CONNECTION_REFUSED @ http://localhost:3000/_next/static/chunks/node_modules_next_dist_client_0_90u2t._.js:16256
[ 5806776ms] [ERROR] WebSocket connection to 'ws://localhost:3000/_next/hmr?id=kug-V1Wz-rztmGEsG-8uT' failed: Error in connection establishment: net::ERR_CONNECTION_REFUSED @ http://localhost:3000/_next/static/chunks/node_modules_next_dist_client_0_90u2t._.js:16256
[ 5807778ms] [ERROR] WebSocket connection to 'ws://localhost:3000/_next/hmr?id=kug-V1Wz-rztmGEsG-8uT' failed: Error in connection establishment: net::ERR_CONNECTION_REFUSED @ http://localhost:3000/_next/static/chunks/node_modules_next_dist_client_0_90u2t._.js:16256
[ 5808780ms] [ERROR] WebSocket connection to 'ws://localhost:3000/_next/hmr?id=kug-V1Wz-rztmGEsG-8uT' failed: Error in connection establishment: net::ERR_CONNECTION_REFUSED @ http://localhost:3000/_next/static/chunks/node_modules_next_dist_client_0_90u2t._.js:16256
[ 5809784ms] [ERROR] WebSocket connection to 'ws://localhost:3000/_next/hmr?id=kug-V1Wz-rztmGEsG-8uT' failed: Error in connection establishment: net::ERR_CONNECTION_REFUSED @ http://localhost:3000/_next/static/chunks/node_modules_next_dist_client_0_90u2t._.js:16256
[ 5814790ms] [ERROR] WebSocket connection to 'ws://localhost:3000/_next/hmr?id=kug-V1Wz-rztmGEsG-8uT' failed: Error in connection establishment: net::ERR_CONNECTION_REFUSED @ http://localhost:3000/_next/static/chunks/node_modules_next_dist_client_0_90u2t._.js:16256
[ 5819796ms] [ERROR] WebSocket connection to 'ws://localhost:3000/_next/hmr?id=kug-V1Wz-rztmGEsG-8uT' failed: Error in connection establishment: net::ERR_CONNECTION_REFUSED @ http://localhost:3000/_next/static/chunks/node_modules_next_dist_client_0_90u2t._.js:16256
[ 5825631ms] [ERROR] WebSocket connection to 'ws://localhost:3000/_next/hmr?id=kug-V1Wz-rztmGEsG-8uT' failed: Error in connection establishment: net::ERR_CONNECTION_REFUSED @ http://localhost:3000/_next/static/chunks/node_modules_next_dist_client_0_90u2t._.js:16256
[ 5830678ms] [ERROR] WebSocket connection to 'ws://localhost:3000/_next/hmr?id=kug-V1Wz-rztmGEsG-8uT' failed: Error in connection establishment: net::ERR_CONNECTION_REFUSED @ http://localhost:3000/_next/static/chunks/node_modules_next_dist_client_0_90u2t._.js:16256
[ 5835684ms] [ERROR] WebSocket connection to 'ws://localhost:3000/_next/hmr?id=kug-V1Wz-rztmGEsG-8uT' failed: Error in connection establishment: net::ERR_CONNECTION_REFUSED @ http://localhost:3000/_next/static/chunks/node_modules_next_dist_client_0_90u2t._.js:16256
[ 5840691ms] [ERROR] WebSocket connection to 'ws://localhost:3000/_next/hmr?id=kug-V1Wz-rztmGEsG-8uT' failed: Error in connection establishment: net::ERR_CONNECTION_REFUSED @ http://localhost:3000/_next/static/chunks/node_modules_next_dist_client_0_90u2t._.js:16256
[ 5845706ms] [LOG] [HMR] connected @ http://localhost:3000/_next/static/chunks/node_modules_next_dist_1e8vcs8._.js:776
[ 5849256ms] [INFO] %cDownload the React DevTools for a better development experience: https://react.dev/link/react-devtools font-weight:bold @ http://localhost:3000/_next/static/chunks/node_modules_next_dist_1e8vcs8._.js:776
[ 5849448ms] [LOG] [HMR] connected @ http://localhost:3000/_next/static/chunks/node_modules_next_dist_1e8vcs8._.js:776
[ 5849978ms] [ERROR] Loading the script 'https://va.vercel-scripts.com/v1/script.debug.js' violates the following Content Security Policy directive: "script-src 'self' 'unsafe-eval' 'unsafe-inline' https://qmzsnlviwmbdecyomgbh.supabase.co". Note that 'script-src-elem' was not explicitly set, so 'script-src' is used as a fallback. The action has been blocked. @ http://localhost:3000/_next/static/chunks/node_modules_122xzik._.js:19307
[ 5849982ms] [ERROR] Loading the script 'https://va.vercel-scripts.com/v1/speed-insights/script.debug.js' violates the following Content Security Policy directive: "script-src 'self' 'unsafe-eval' 'unsafe-inline' https://qmzsnlviwmbdecyomgbh.supabase.co". Note that 'script-src-elem' was not explicitly set, so 'script-src' is used as a fallback. The action has been blocked. @ http://localhost:3000/_next/static/chunks/node_modules_122xzik._.js:19569
[ 5849985ms] [LOG] [Vercel Web Analytics] Failed to load script from https://va.vercel-scripts.com/v1/script.debug.js. Please check if any ad blockers are enabled and try again. @ http://localhost:3000/_next/static/chunks/node_modules_next_dist_1e8vcs8._.js:776
[ 5849985ms] [LOG] [Vercel Speed Insights] Failed to load script from https://va.vercel-scripts.com/v1/speed-insights/script.debug.js. Please check if any content blockers are enabled and try again. @ http://localhost:3000/_next/static/chunks/node_modules_next_dist_1e8vcs8._.js:776
[ 5850348ms] [LOG] [Fast Refresh] rebuilding @ http://localhost:3000/_next/static/chunks/node_modules_next_dist_1e8vcs8._.js:776
[ 5851699ms] [LOG] [Fast Refresh] done in 1451ms @ http://localhost:3000/_next/static/chunks/node_modules_next_dist_1e8vcs8._.js:776
[ 5878646ms] [ERROR] WebSocket connection to 'ws://localhost:3000/_next/hmr?id=-5RgQE1noLaJtHAkP6BxC' failed: Error in connection establishment: net::ERR_CONNECTION_REFUSED @ http://localhost:3000/_next/static/chunks/node_modules_next_dist_client_0_90u2t._.js:16256
[ 5880380ms] [LOG] [HMR] connected @ http://localhost:3000/_next/static/chunks/node_modules_next_dist_1e8vcs8._.js:776
[ 5881789ms] [INFO] %cDownload the React DevTools for a better development experience: https://react.dev/link/react-devtools font-weight:bold @ http://localhost:3000/_next/static/chunks/node_modules_next_dist_1e8vcs8._.js:776
[ 5881847ms] [LOG] [HMR] connected @ http://localhost:3000/_next/static/chunks/node_modules_next_dist_1e8vcs8._.js:776
[ 5882024ms] [ERROR] Loading the script 'https://va.vercel-scripts.com/v1/script.debug.js' violates the following Content Security Policy directive: "script-src 'self' 'unsafe-eval' 'unsafe-inline' https://qmzsnlviwmbdecyomgbh.supabase.co". Note that 'script-src-elem' was not explicitly set, so 'script-src' is used as a fallback. The action has been blocked. @ http://localhost:3000/_next/static/chunks/node_modules_122xzik._.js:19307
[ 5882028ms] [ERROR] Loading the script 'https://va.vercel-scripts.com/v1/speed-insights/script.debug.js' violates the following Content Security Policy directive: "script-src 'self' 'unsafe-eval' 'unsafe-inline' https://qmzsnlviwmbdecyomgbh.supabase.co". Note that 'script-src-elem' was not explicitly set, so 'script-src' is used as a fallback. The action has been blocked. @ http://localhost:3000/_next/static/chunks/node_modules_122xzik._.js:19569
[ 5882034ms] [LOG] [Vercel Web Analytics] Failed to load script from https://va.vercel-scripts.com/v1/script.debug.js. Please check if any ad blockers are enabled and try again. @ http://localhost:3000/_next/static/chunks/node_modules_next_dist_1e8vcs8._.js:776
[ 5882035ms] [LOG] [Vercel Speed Insights] Failed to load script from https://va.vercel-scripts.com/v1/speed-insights/script.debug.js. Please check if any content blockers are enabled and try again. @ http://localhost:3000/_next/static/chunks/node_modules_next_dist_1e8vcs8._.js:776
[ 6085470ms] [LOG] [Fast Refresh] rebuilding @ http://localhost:3000/_next/static/chunks/node_modules_next_dist_1e8vcs8._.js:776
[ 6086485ms] [LOG] [Fast Refresh] done in 1103ms @ http://localhost:3000/_next/static/chunks/node_modules_next_dist_1e8vcs8._.js:776
[ 6086575ms] [LOG] [Fast Refresh] done in 1103ms @ http://localhost:3000/_next/static/chunks/node_modules_next_dist_1e8vcs8._.js:776
[ 6086578ms] [LOG] [Fast Refresh] done in 1103ms @ http://localhost:3000/_next/static/chunks/node_modules_next_dist_1e8vcs8._.js:776
[ 6089199ms] [LOG] [Fast Refresh] done in 1103ms @ http://localhost:3000/_next/static/chunks/node_modules_next_dist_1e8vcs8._.js:776
[ 6118739ms] [LOG] [Fast Refresh] done in 1103ms @ http://localhost:3000/_next/static/chunks/node_modules_next_dist_1e8vcs8._.js:776
[ 6122009ms] [LOG] [Fast Refresh] done in 1103ms @ http://localhost:3000/_next/static/chunks/node_modules_next_dist_1e8vcs8._.js:776
[ 6124091ms] [LOG] [Fast Refresh] done in 1103ms @ http://localhost:3000/_next/static/chunks/node_modules_next_dist_1e8vcs8._.js:776
[ 6128357ms] [LOG] [Fast Refresh] done in 1103ms @ http://localhost:3000/_next/static/chunks/node_modules_next_dist_1e8vcs8._.js:776
[ 6402180ms] [LOG] [Fast Refresh] done in 1103ms @ http://localhost:3000/_next/static/chunks/node_modules_next_dist_1e8vcs8._.js:776
[ 6404542ms] [LOG] [Fast Refresh] done in 1103ms @ http://localhost:3000/_next/static/chunks/node_modules_next_dist_1e8vcs8._.js:776
[ 6406127ms] [LOG] [Fast Refresh] done in 1103ms @ http://localhost:3000/_next/static/chunks/node_modules_next_dist_1e8vcs8._.js:776
[ 6407866ms] [LOG] [Fast Refresh] done in 1103ms @ http://localhost:3000/_next/static/chunks/node_modules_next_dist_1e8vcs8._.js:776
[ 6415943ms] [LOG] [Fast Refresh] done in 1103ms @ http://localhost:3000/_next/static/chunks/node_modules_next_dist_1e8vcs8._.js:776
[ 6419026ms] [LOG] [Fast Refresh] done in 1103ms @ http://localhost:3000/_next/static/chunks/node_modules_next_dist_1e8vcs8._.js:776
[ 6420932ms] [LOG] [Fast Refresh] done in 1103ms @ http://localhost:3000/_next/static/chunks/node_modules_next_dist_1e8vcs8._.js:776
[ 6425149ms] [LOG] [Fast Refresh] done in 1103ms @ http://localhost:3000/_next/static/chunks/node_modules_next_dist_1e8vcs8._.js:776
[ 6427698ms] [LOG] [Fast Refresh] done in 1103ms @ http://localhost:3000/_next/static/chunks/node_modules_next_dist_1e8vcs8._.js:776
[ 6546130ms] [LOG] [Fast Refresh] done in 1103ms @ http://localhost:3000/_next/static/chunks/node_modules_next_dist_1e8vcs8._.js:776
